,Student_ID,Study_Hours,Extracurricular_Hours,Sleep_Hours,Social_Hours,Physical_Activity_Hours,GPA,Stress_Level
0,1,6.9,3.8,8.7,2.8,1.8,2.99,Moderate
1,2,5.3,3.5,8.0,4.2,3.0,2.75,Low
2,3,5.1,3.9,9.2,1.2,4.6,2.67,Low
3,4,6.5,2.1,7.2,1.7,6.5,2.88,Moderate
4,5,8.1,0.6,6.5,2.2,6.6,3.51,High
5,6,6.0,2.1,8.0,0.3,7.6,2.85,Moderate
6,7,8.0,0.7,5.3,5.7,4.3,3.08,High
7,8,8.4,1.8,5.6,3.0,5.2,3.2,High
8,9,5.2,3.6,6.3,4.0,4.9,2.82,Low
9,10,7.7,0.7,9.8,4.5,1.3,2.76,Moderate
10,11,9.7,3.6,8.0,2.5,0.2,3.43,High
11,12,6.9,1.1,9.1,2.1,4.8,2.97,Moderate
12,13,6.4,2.2,5.7,4.8,4.9,2.82,High
13,14,5.0,3.3,8.5,4.4,2.8,2.87,Low
14,15,8.9,0.3,6.8,0.7,7.3,3.4,High
15,16,6.7,0.3,6.6,2.0,8.4,3.2,Moderate
16,17,8.6,2.6,9.4,1.6,1.8,3.36,High
17,18,8.8,2.2,8.9,2.0,2.1,3.19,High
18,19,7.6,1.7,5.1,0.6,9.0,3.16,High
19,20,6.6,2.0,9.5,1.5,4.4,2.93,Moderate
20,21,7.1,3.0,6.1,0.5,7.3,2.9,Moderate
21,22,9.6,3.2,8.2,2.6,0.4,3.34,High
22,23,9.0,0.7,9.5,2.6,2.2,3.21,High
23,24,6.1,1.7,9.1,5.2,1.9,2.85,Moderate
24,25,5.0,2.0,7.1,1.3,8.6,2.68,Low
25,26,9.7,1.3,7.6,3.8,1.6,3.29,High
26,27,6.8,3.9,9.8,0.9,2.6,2.64,Moderate
27,28,6.4,0.1,8.0,3.0,6.5,2.95,Moderate
28,29,5.3,1.1,9.5,1.4,6.7,2.79,Low
29,30,9.9,1.0,8.4,3.6,1.1,3.25,High
30,31,6.2,2.9,6.8,3.8,4.3,3.05,Moderate
31,32,5.5,3.3,6.6,1.1,7.5,3.26,Low
32,33,5.2,2.4,8.4,0.1,7.9,2.47,Low
33,34,8.2,0.7,8.5,2.3,4.3,3.24,High
34,35,9.7,0.6,6.7,0.7,6.3,3.62,High
35,36,9.1,2.2,7.6,1.2,3.9,3.12,High
36,37,5.5,3.6,9.5,3.4,2.0,2.58,Low
37,38,8.6,3.6,9.4,1.9,0.5,3.03,High
38,39,8.2,0.3,5.8,5.4,4.3,3.29,High
39,40,5.0,0.6,7.7,4.2,6.5,2.61,Low
40,41,8.3,0.9,8.6,1.4,4.8,3.48,High
41,42,8.2,3.4,8.3,2.3,1.8,3.07,High
42,43,5.5,1.5,6.3,1.5,9.2,2.81,Low
43,44,9.5,2.5,9.0,1.5,1.5,3.49,High
44,45,7.9,2.0,6.0,4.3,3.8,2.97,Moderate
45,46,9.7,3.8,9.6,0.3,0.6,3.55,High
46,47,5.1,3.7,7.1,5.8,2.3,2.6,Low
47,48,9.3,1.3,5.8,3.3,4.3,3.09,High
48,49,9.7,2.8,7.9,0.3,3.3,3.47,High
49,50,9.4,3.0,8.5,2.2,0.9,3.18,High
50,51,6.8,1.2,9.0,4.9,2.1,3.12,Moderate
51,52,9.0,2.6,8.5,3.1,0.8,4.0,High
52,53,9.5,1.4,6.9,0.6,5.6,3.33,High
53,54,7.3,2.2,6.4,3.5,4.6,3.11,Moderate
54,55,5.2,0.1,9.1,2.2,7.4,2.79,Low
55,56,8.8,0.9,8.1,0.5,5.7,3.1,High
56,57,5.3,2.1,7.7,3.8,5.1,2.39,Low
57,58,9.0,1.1,7.2,0.5,6.2,3.39,High
58,59,5.1,3.9,9.2,4.0,1.8,2.52,Low
59,60,5.8,1.0,7.7,4.3,5.2,2.8,Low
60,61,8.3,1.1,9.8,3.5,1.3,3.67,High
61,62,7.1,1.0,6.8,4.5,4.6,3.27,Moderate
63,64,7.4,0.4,7.5,2.8,5.9,3.26,Moderate
64,65,5.9,1.7,7.0,3.7,5.7,2.8,Low
65,66,6.9,2.5,7.5,5.1,2.0,3.06,Moderate
66,67,8.3,0.7,5.4,3.9,5.7,3.26,High
67,68,9.7,2.3,6.9,3.3,1.8,3.38,High
68,69,7.3,2.2,9.7,1.9,2.9,3.15,Moderate
69,70,5.4,1.3,9.2,0.1,8.0,2.69,Low
70,71,9.1,1.1,5.6,4.2,4.0,3.54,High
71,72,8.7,3.2,6.4,1.0,4.7,3.37,High
72,73,8.8,3.2,10.0,0.8,1.2,3.58,High
73,74,6.7,3.7,9.3,1.8,2.5,2.89,Moderate
74,75,8.8,3.0,5.5,5.4,1.3,3.58,High
75,76,6.6,3.6,6.9,0.1,6.8,2.99,Moderate
76,77,9.5,0.4,6.6,5.7,1.8,3.44,High
77,78,8.2,1.8,6.5,2.0,5.5,3.35,High
78,79,8.4,3.0,9.0,2.8,0.8,3.26,High
79,80,5.3,2.2,7.2,5.3,4.0,2.62,Low
80,81,6.8,0.5,5.7,4.6,6.4,2.86,High
81,82,5.4,2.8,5.4,4.9,5.5,2.86,High
82,83,8.5,0.3,5.4,5.9,3.9,2.99,High
83,84,9.1,3.8,9.9,0.9,0.3,3.08,High
84,85,6.9,0.3,8.9,3.4,4.5,3.21,Moderate
85,86,5.6,2.0,5.1,2.8,8.5,2.81,High
86,87,5.3,0.5,5.6,3.9,8.7,2.9,High
87,88,9.8,1.5,6.4,5.2,1.1,3.78,High
88,89,6.1,3.9,5.1,5.8,3.1,2.96,High
89,90,5.4,2.2,9.8,3.1,3.5,2.81,Low
90,91,8.1,2.8,7.3,3.6,2.2,3.39,High
91,92,5.2,1.1,9.8,5.3,2.6,2.82,Low
92,93,7.3,2.5,6.4,1.1,6.7,2.67,Moderate
93,94,7.9,0.3,9.9,5.8,0.1,3.08,Moderate
94,95,8.5,2.1,6.5,4.9,2.0,3.1,High
95,96,9.6,3.3,9.7,1.0,0.4,3.54,High
96,97,8.1,1.7,9.7,3.9,0.6,3.45,High
97,98,9.9,0.6,8.0,2.1,3.4,3.39,High
98,99,9.8,3.4,9.2,0.7,0.9,3.15,High
99,100,5.3,3.5,9.1,6.0,0.1,2.68,Low
100,101,10.0,2.2,8.8,2.8,0.2,3.41,High
101,102,7.3,0.5,9.8,3.6,2.8,3.22,Moderate
102,103,6.1,2.7,8.1,2.1,5.0,2.98,Moderate
103,104,7.6,3.1,7.6,4.9,0.8,2.99,Moderate
104,105,7.8,2.2,9.4,1.9,2.7,3.3,Moderate
105,106,8.5,0.9,5.7,0.1,8.8,3.55,High
106,107,6.8,2.4,7.0,2.6,5.2,2.97,Moderate
107,108,7.6,3.1,7.0,3.7,2.6,3.28,Moderate
108,109,9.3,3.8,5.7,4.8,0.4,3.05,High
109,110,7.3,3.9,7.5,1.7,3.6,3.08,Moderate
110,111,8.2,1.0,5.4,0.8,8.6,3.3,High
111,112,5.9,1.4,9.5,2.8,4.4,2.7,Low
112,113,8.3,0.7,6.0,0.2,8.8,3.14,High
113,114,5.9,0.4,5.6,2.8,9.3,2.73,High
114,115,6.0,1.5,7.5,4.1,4.9,2.76,Moderate
115,116,9.4,3.7,5.3,1.6,4.0,3.45,High
116,117,9.0,3.0,5.9,1.3,4.8,3.29,High
117,118,8.1,1.5,7.3,4.5,2.6,2.75,High
118,119,5.2,1.0,8.6,5.4,3.8,3.4,Low
119,120,5.5,1.8,7.7,1.5,7.5,3.05,Low
120,121,6.3,1.5,5.1,1.9,9.2,2.82,High
121,122,5.6,3.6,8.0,4.1,2.7,2.62,Low
122,123,8.9,2.0,5.4,3.2,4.5,3.64,High
123,124,7.2,0.5,6.4,2.2,7.7,3.19,Moderate
124,125,8.2,2.3,6.8,5.9,0.8,2.95,High
125,126,5.5,0.6,6.2,1.0,10.7,2.94,Low
126,127,5.9,1.1,5.9,5.4,5.7,2.89,High
127,128,7.1,3.9,5.6,2.4,5.0,2.9,High
128,129,9.8,3.5,9.1,0.4,1.2,3.57,High
129,130,9.6,2.2,7.9,1.2,3.1,3.24,High
130,131,8.8,0.7,6.6,2.6,5.3,2.99,High
131,132,5.6,2.4,6.4,3.5,6.1,2.85,Low
132,133,5.8,1.9,7.7,0.3,8.3,2.7,Low
133,134,5.3,4.0,6.6,4.9,3.2,2.72,Low
134,135,6.3,2.7,8.8,3.6,2.6,2.45,Moderate
135,136,6.7,3.7,9.2,4.2,0.2,2.85,Moderate
136,137,5.6,2.9,9.7,1.1,4.7,2.86,Low
137,138,7.9,3.4,5.7,4.8,2.2,3.15,High
138,139,6.0,0.7,5.8,4.9,6.6,2.96,High
139,140,6.8,3.5,7.0,4.9,1.8,3.44,Moderate
140,141,7.2,1.5,7.3,1.8,6.2,3.08,Moderate
141,142,6.2,3.6,6.9,3.3,4.0,3.27,Moderate
142,143,9.5,2.5,5.6,5.6,0.8,3.13,High
143,144,5.7,3.2,8.1,3.2,3.8,3.08,Low
144,145,9.5,3.2,5.8,1.7,3.8,3.59,High
145,146,5.2,2.3,8.8,5.3,2.4,2.61,Low
146,147,6.7,3.3,5.6,5.1,3.3,2.95,High
147,148,9.0,0.6,6.1,4.3,4.0,3.15,High
148,149,8.6,2.6,8.5,2.3,2.0,3.14,High
149,150,5.9,3.6,7.9,2.4,4.2,2.64,Low
150,151,7.3,3.8,5.8,3.5,3.6,3.58,High
151,152,5.1,3.5,9.7,3.2,2.5,2.79,Low
152,153,8.5,3.7,8.5,0.5,2.8,3.65,High
153,154,7.1,2.9,9.7,4.0,0.3,3.33,Moderate
154,155,7.3,0.5,9.9,5.0,1.3,3.11,Moderate
155,156,8.0,1.6,5.3,2.0,7.1,3.42,High
156,157,9.0,0.0,6.7,2.4,5.9,3.51,High
157,158,6.7,1.4,8.7,2.7,4.5,3.02,Moderate
158,159,6.1,1.8,5.7,1.1,9.3,2.38,High
159,160,9.6,1.4,7.9,3.2,1.9,3.43,High
160,161,5.1,2.7,5.9,5.8,4.5,2.71,High
161,162,5.4,4.0,7.5,3.6,3.5,2.59,Low
162,163,5.3,3.0,6.0,5.4,4.3,2.68,Low
163,164,5.2,1.9,7.8,0.4,8.7,2.67,Low
164,165,8.9,1.8,7.6,2.5,3.2,3.58,High
165,166,5.8,0.7,9.3,5.7,2.5,2.46,Low
166,167,6.9,1.1,8.2,2.5,5.3,3.22,Moderate
167,168,5.1,0.9,6.2,4.0,7.8,3.02,Low
168,169,5.1,0.4,9.0,1.1,8.4,2.52,Low
169,170,5.5,1.0,8.6,5.1,3.8,2.97,Low
170,171,9.2,1.6,8.3,1.0,3.9,3.5,High
172,173,5.9,2.3,7.1,5.4,3.3,2.78,Low
173,174,6.3,1.5,8.0,1.6,6.6,3.15,Moderate
174,175,8.1,1.6,7.8,2.6,3.9,3.26,High
175,176,8.8,0.6,9.3,2.6,2.7,3.3,High
176,177,9.5,3.2,7.1,0.1,4.1,3.49,High
177,178,8.2,1.0,5.7,5.0,4.1,2.89,High
178,179,9.9,2.1,5.9,1.6,4.5,3.52,High
179,180,6.4,2.2,8.3,5.0,2.1,2.76,Moderate
180,181,6.0,0.0,5.7,5.4,6.9,2.95,High
181,182,8.0,2.7,5.9,5.5,1.9,3.4,High
182,183,7.1,1.5,7.6,0.3,7.5,3.17,Moderate
183,184,5.4,2.4,6.2,2.3,7.7,2.66,Low
184,185,6.4,1.4,8.6,1.8,5.8,2.77,Moderate
185,186,8.3,3.7,8.7,0.7,2.6,3.77,High
186,187,5.2,1.0,8.0,0.3,9.5,3.29,Low
187,188,6.7,3.1,5.5,0.5,8.2,2.99,High
188,189,8.6,2.0,8.4,2.2,2.8,3.43,High
189,190,9.0,2.8,6.4,3.4,2.4,3.24,High
190,191,6.8,0.4,9.6,0.8,6.4,3.01,Moderate
191,192,5.9,2.2,9.4,4.4,2.1,3.01,Low
192,193,9.0,2.6,8.5,3.3,0.6,3.34,High
193,194,6.1,4.0,9.7,0.2,4.0,2.58,Moderate
194,195,8.5,3.7,5.9,3.4,2.5,3.06,High
195,196,9.6,3.9,9.7,0.4,0.4,3.65,High
196,197,9.3,3.4,6.6,3.9,0.8,3.41,High
197,198,6.2,0.5,5.4,4.2,7.7,2.84,High
198,199,6.7,2.9,5.3,1.9,7.2,3.29,High
199,200,6.6,2.5,9.4,3.4,2.1,3.03,Moderate
200,201,6.2,0.1,9.4,0.1,8.2,2.95,Moderate
201,202,9.7,3.2,10.0,0.4,0.7,3.67,High
202,203,8.8,1.6,7.4,3.8,2.4,3.23,High
203,204,7.1,3.0,6.2,0.7,7.0,3.36,Moderate
204,205,6.8,1.1,6.5,1.4,8.2,3.01,Moderate
205,206,6.9,2.7,6.1,5.7,2.6,3.08,Moderate
206,207,8.9,0.4,7.1,5.3,2.3,3.33,High
207,208,8.1,0.7,10.0,1.2,4.0,3.35,High
208,209,9.7,2.6,8.0,1.9,1.8,3.33,High
209,210,6.1,0.7,8.9,2.1,6.2,2.81,Moderate
210,211,5.3,3.9,9.4,5.0,0.4,3.08,Low
211,212,8.5,0.6,9.1,1.3,4.5,3.16,High
212,213,6.1,2.1,8.0,3.5,4.3,2.79,Moderate
213,214,9.4,3.8,9.3,1.2,0.3,3.33,High
214,215,8.3,2.2,5.4,2.5,5.6,2.97,High
215,216,8.6,2.0,5.4,1.3,6.7,3.14,High
216,217,8.4,0.3,9.3,3.0,3.0,3.77,High
217,218,9.1,1.4,8.4,2.9,2.2,3.26,High
218,219,6.3,3.5,9.0,3.4,1.8,3.11,Moderate
219,220,8.5,2.7,8.1,3.5,1.2,3.38,High
220,221,5.8,3.5,9.4,0.2,5.1,2.84,Low
221,222,6.7,3.0,5.8,4.9,3.6,3.03,High
222,223,9.2,2.0,5.0,1.7,6.1,3.42,High
223,224,8.2,1.0,8.2,3.2,3.4,3.24,High
224,225,8.9,0.4,8.8,3.2,2.7,3.32,High
225,226,8.2,3.7,5.5,5.6,1.0,3.29,High
226,227,8.4,0.3,6.5,4.2,4.6,3.29,High
227,228,6.7,2.5,5.2,5.2,4.4,2.86,High
228,229,9.9,3.9,8.7,0.2,1.3,3.8,High
229,230,8.4,1.8,6.4,6.0,1.4,3.25,High
230,231,7.1,1.8,5.8,4.8,4.5,2.86,High
231,232,5.4,2.7,8.3,1.6,6.0,2.95,Low
232,233,9.8,0.6,7.2,5.7,0.7,3.84,High
233,234,7.0,1.1,9.9,2.5,3.5,2.84,Moderate
234,235,9.5,0.9,6.1,0.2,7.3,3.17,High
235,236,9.3,1.9,9.8,0.6,2.4,3.68,High
236,237,9.3,3.1,8.9,2.3,0.4,3.52,High
237,238,5.7,0.1,9.6,3.7,4.9,3.12,Low
238,239,9.0,1.9,5.6,0.8,6.7,3.21,High
239,240,6.0,2.0,5.3,3.5,7.2,3.26,High
240,241,6.3,3.2,6.6,2.7,5.2,2.85,Moderate
241,242,8.0,1.2,8.5,5.2,1.1,2.72,Moderate
242,243,8.9,0.2,7.4,0.6,6.9,3.33,High
243,244,8.1,2.8,7.8,0.1,5.2,2.98,High
244,245,6.6,2.1,5.4,2.1,7.8,2.79,High
245,246,7.8,2.8,9.0,0.9,3.5,3.11,Moderate
246,247,5.8,0.4,8.2,4.2,5.4,2.88,Low
247,248,8.5,3.5,8.6,2.7,0.7,3.15,High
248,249,6.7,3.3,5.4,5.4,3.2,3.27,High
249,250,7.3,2.6,7.6,4.4,2.1,3.13,Moderate
250,251,5.4,0.2,6.2,1.0,11.2,2.75,Low
251,252,9.9,1.3,5.9,4.7,2.2,3.57,High
252,253,8.3,2.0,7.8,4.2,1.7,3.25,High
253,254,6.0,2.7,5.4,0.2,9.7,2.92,High
254,255,6.3,1.9,9.3,4.4,2.1,2.85,Moderate
255,256,6.7,1.5,9.9,0.2,5.7,3.32,Moderate
256,257,9.3,2.3,7.2,3.8,1.4,3.61,High
257,258,9.5,1.7,6.4,3.6,2.8,3.42,High
258,259,9.6,0.8,8.1,3.5,2.0,3.31,High
259,260,8.6,3.6,5.9,1.4,4.5,3.37,High
260,261,9.9,0.7,9.3,2.0,2.1,3.59,High
261,262,7.2,2.1,6.8,3.6,4.3,3.01,Moderate
262,263,5.8,1.6,9.8,1.5,5.3,2.61,Low
263,264,8.9,0.5,9.8,2.2,2.6,3.57,High
264,265,6.2,0.3,5.8,3.1,8.6,3.13,High
265,266,7.2,1.0,8.1,4.2,3.5,2.98,Moderate
266,267,5.8,0.7,5.2,4.4,7.9,2.81,High
267,268,9.2,3.2,7.9,3.2,0.5,3.8,High
268,269,6.0,0.4,6.3,0.3,11.0,3.05,Moderate
269,270,5.2,0.5,7.3,5.6,5.4,2.79,Low
270,271,6.6,2.0,5.2,0.9,9.3,3.17,High
271,272,7.3,2.1,7.4,4.0,3.2,3.16,Moderate
272,273,5.7,0.1,6.5,4.2,7.5,2.98,Low
273,274,9.8,0.4,8.4,2.4,3.0,3.26,High
274,275,9.3,0.7,8.5,4.6,0.9,3.43,High
275,276,7.5,2.5,9.3,2.7,2.0,3.2,Moderate
276,277,5.2,3.7,8.4,4.1,2.6,2.91,Low
277,278,7.0,2.6,5.5,3.9,5.0,2.82,High
278,279,10.0,0.2,9.9,1.6,2.3,3.56,High
279,280,7.8,3.0,9.4,1.5,2.3,3.25,Moderate
280,281,6.6,2.7,9.0,4.3,1.4,2.93,Moderate
281,282,9.1,0.5,7.7,0.0,6.7,3.64,High
282,283,6.6,1.5,7.0,4.2,4.7,2.79,Moderate
283,284,6.2,1.5,6.1,0.4,9.8,2.5,Moderate
284,285,8.0,2.7,8.1,2.4,2.8,3.4,Moderate
285,286,7.6,1.9,5.1,2.0,7.4,3.08,High
286,287,6.9,1.6,7.9,3.2,4.4,3.31,Moderate
287,288,9.1,2.9,9.8,0.0,2.2,3.48,High
288,289,6.0,0.0,8.2,5.4,4.4,2.92,Moderate
289,290,5.3,3.7,6.8,0.6,7.6,2.78,Low
290,291,7.4,1.0,6.4,1.8,7.4,3.15,Moderate
291,292,6.6,2.4,8.6,1.6,4.8,3.27,Moderate
292,293,7.1,0.5,5.9,4.1,6.4,3.09,High
293,294,8.5,0.4,7.8,1.5,5.8,3.01,High
294,295,9.8,1.9,9.0,1.8,1.5,3.5,High
295,296,9.8,2.4,9.1,2.4,0.3,3.38,High
296,297,6.1,0.8,8.1,2.5,6.5,2.67,Moderate
297,298,8.9,1.1,9.1,2.1,2.8,3.2,High
298,299,8.3,0.4,8.1,2.7,4.5,3.01,High
299,300,8.7,3.5,6.1,0.5,5.2,3.37,High
300,301,5.1,2.6,8.0,3.3,5.0,2.65,Low
301,302,8.0,2.0,9.9,0.6,3.5,2.93,Moderate
302,303,8.5,1.6,7.1,4.3,2.5,3.39,High
303,304,6.4,0.3,5.4,5.4,6.5,3.29,High
304,305,6.0,1.3,6.1,2.1,8.5,2.91,Moderate
305,306,5.3,3.2,6.2,3.2,6.1,2.64,Low
306,307,9.4,2.6,7.7,1.4,2.9,3.66,High
307,308,10.0,2.6,7.8,2.6,1.0,3.26,High
308,309,7.3,0.2,7.8,5.7,3.0,3.2,Moderate
309,310,6.0,2.1,5.5,2.7,7.7,2.72,High
310,311,8.8,1.4,8.3,4.4,1.1,3.1,High
311,312,10.0,3.7,7.7,2.2,0.4,3.44,High
312,313,7.6,2.5,5.4,4.5,4.0,3.17,High
313,314,8.9,2.8,5.2,1.8,5.3,3.3,High
314,315,6.3,1.4,5.4,5.6,5.3,2.58,High
315,316,7.0,1.8,8.0,3.1,4.1,3.15,Moderate
316,317,9.6,2.0,10.0,2.0,0.4,3.46,High
317,318,6.9,3.5,9.3,3.5,0.8,3.02,Moderate
318,319,9.0,1.2,5.4,2.4,6.0,3.46,High
319,320,6.7,3.9,8.2,4.3,0.9,2.83,Moderate
320,321,5.7,3.4,9.6,2.6,2.7,3.13,Low
321,322,5.9,2.0,7.0,0.9,8.2,3.0,Low
322,323,6.8,0.3,5.1,0.8,11.0,3.03,High
323,324,9.8,1.7,6.6,3.0,2.9,3.58,High
324,325,7.2,0.4,8.2,1.3,6.9,3.39,Moderate
325,326,5.8,0.2,8.9,2.8,6.3,3.11,Low
326,327,5.3,4.0,5.3,4.2,5.2,2.67,High
327,328,8.5,0.2,7.5,6.0,1.8,3.21,High
328,329,9.1,2.5,6.5,3.7,2.2,2.85,High
329,330,5.7,3.5,7.2,1.2,6.4,3.04,Low
330,331,6.8,1.7,9.1,4.4,2.0,2.9,Moderate
331,332,5.1,1.0,8.8,0.8,8.3,2.25,Low
332,333,7.7,0.9,5.1,1.4,8.9,3.15,High
333,334,5.5,2.2,7.3,5.1,3.9,2.94,Low
334,335,5.5,2.0,5.8,1.9,8.8,2.79,High
335,336,6.9,1.6,7.3,4.7,3.5,3.38,Moderate
336,337,9.5,3.8,8.9,0.6,1.2,3.3,High
337,338,6.3,3.4,5.2,5.4,3.7,3.31,High
338,339,7.3,2.5,8.3,5.3,0.6,3.36,Moderate
339,340,5.3,2.1,5.8,4.4,6.4,3.11,High
340,341,7.6,2.7,5.2,0.5,8.0,3.07,High
341,342,5.4,0.0,9.8,4.4,4.4,2.85,Low
342,343,6.8,1.2,6.7,4.6,4.7,2.81,Moderate
343,344,5.9,0.4,8.3,4.6,4.8,2.99,Low
344,345,6.3,0.1,5.4,5.8,6.4,3.14,High
345,346,8.1,1.5,6.0,0.7,7.7,3.06,High
346,347,8.1,3.1,8.2,2.4,2.2,3.09,High
347,348,9.9,2.4,7.9,2.8,1.0,3.67,High
348,349,9.1,2.6,5.6,2.0,4.7,3.16,High
349,350,7.2,2.5,9.7,1.1,3.5,2.69,Moderate
350,351,5.6,0.8,9.4,3.9,4.3,3.01,Low
351,352,9.3,3.4,9.6,0.4,1.3,3.28,High
352,353,8.8,1.8,9.2,3.1,1.1,3.45,High
353,354,5.9,2.2,9.9,5.6,0.4,3.12,Low
354,355,5.2,0.7,5.7,4.4,8.0,2.67,High
355,356,7.5,3.4,8.7,2.4,2.0,3.24,Moderate
356,357,8.0,2.0,6.5,3.4,4.1,3.35,Moderate
357,358,8.2,3.0,5.8,2.8,4.2,3.31,High
358,359,5.0,1.0,8.6,6.0,3.4,2.71,Low
359,360,9.0,0.8,7.8,4.4,2.0,3.18,High
360,361,8.1,0.8,6.8,4.7,3.6,3.19,High
361,362,8.8,0.1,8.7,1.2,5.2,3.32,High
362,363,9.8,1.5,6.6,0.9,5.2,3.61,High
363,364,10.0,1.5,7.2,3.8,1.5,3.43,High
364,365,9.4,2.4,7.0,2.1,3.1,3.1,High
365,366,9.0,0.4,7.9,2.9,3.8,3.6,High
366,367,8.2,0.3,7.9,3.4,4.2,3.64,High
367,368,8.4,3.2,6.3,5.0,1.1,3.5,High
368,369,7.5,0.3,5.3,2.0,8.9,3.26,High
369,370,8.9,2.1,7.2,0.9,4.9,3.53,High
370,371,6.6,1.7,5.4,1.3,9.0,3.29,High
371,372,10.0,3.7,8.2,0.9,1.2,3.63,High
372,373,8.2,3.1,5.6,2.5,4.6,3.16,High
373,374,7.9,2.4,5.9,2.2,5.6,3.4,High
374,375,6.7,0.1,5.1,5.0,7.1,3.03,High
375,376,6.5,3.8,6.3,2.6,4.8,2.62,Moderate
376,377,9.4,3.4,5.9,4.3,1.0,3.18,High
377,378,5.7,0.3,8.6,3.0,6.4,2.28,Low
378,379,7.2,2.9,8.8,0.8,4.3,2.88,Moderate
379,380,8.8,2.6,9.8,0.2,2.6,3.38,High
380,381,5.3,1.1,6.3,1.5,9.8,2.75,Low
381,382,6.4,3.0,7.2,4.7,2.7,3.03,Moderate
382,383,5.3,2.0,5.2,0.4,11.1,2.31,High
383,384,6.7,3.6,5.1,4.0,4.6,3.18,High
384,385,9.8,2.2,9.7,0.1,2.2,3.16,High
385,386,8.7,3.9,6.3,3.3,1.8,3.2,High
386,387,6.0,2.3,7.3,5.8,2.6,2.58,Moderate
387,388,5.6,0.6,6.1,1.5,10.2,3.07,Low
388,389,9.3,2.2,7.6,0.6,4.3,3.48,High
389,390,5.3,2.8,7.7,0.5,7.7,2.93,Low
390,391,7.3,1.9,5.8,5.7,3.3,3.18,High
391,392,7.3,1.6,8.3,3.3,3.5,3.28,Moderate
392,393,5.3,2.1,9.0,2.8,4.8,2.67,Low
393,394,5.8,1.3,8.8,3.1,5.0,2.71,Low
394,395,6.0,3.5,9.4,4.4,0.7,2.84,Moderate
395,396,9.9,3.1,5.1,0.4,5.5,3.17,High
396,397,7.3,3.6,7.7,2.7,2.7,3.15,Moderate
397,398,9.1,1.5,8.9,4.3,0.2,3.21,High
398,399,6.0,2.1,6.4,4.8,4.7,3.27,Moderate
399,400,9.0,1.6,9.6,2.0,1.8,3.57,High
400,401,5.8,2.8,9.0,1.9,4.5,2.8,Low
401,402,5.9,3.6,8.3,0.9,5.3,2.8,Low
402,403,7.2,2.5,5.4,5.3,3.6,3.08,High
403,404,9.8,1.7,9.9,1.7,0.9,3.75,High
404,405,8.2,0.7,9.4,2.4,3.3,3.47,High
405,406,8.6,3.6,5.4,4.4,2.0,3.81,High
406,407,5.9,3.4,9.1,3.0,2.6,2.68,Low
407,408,7.4,3.3,7.3,2.1,3.9,3.34,Moderate
408,409,7.5,3.3,6.7,1.0,5.5,3.29,Moderate
409,410,5.5,1.0,5.7,2.1,9.7,2.93,High
410,411,7.3,3.0,8.3,3.4,2.0,3.29,Moderate
411,412,7.4,3.9,8.2,0.6,3.9,3.02,Moderate
412,413,8.4,1.3,8.4,0.4,5.5,3.32,High
413,414,6.1,3.3,6.4,3.9,4.3,2.86,Moderate
414,415,8.5,2.1,6.5,1.3,5.6,3.38,High
415,416,9.4,3.1,8.9,1.7,0.9,3.45,High
416,417,6.3,3.6,8.4,3.2,2.5,2.92,Moderate
417,418,7.3,3.5,7.7,2.1,3.4,2.9,Moderate
418,419,9.9,0.4,7.1,0.3,6.3,3.55,High
419,420,6.4,3.4,6.5,5.5,2.2,3.0,Moderate
420,421,8.8,3.2,5.1,5.8,1.1,3.13,High
421,422,9.1,1.1,9.4,0.5,3.9,3.58,High
422,423,8.5,2.2,5.5,1.5,6.3,3.27,High
423,424,6.5,2.4,6.5,1.8,6.8,2.91,Moderate
424,425,8.7,0.2,9.5,4.8,0.8,3.5,High
425,426,9.5,0.7,5.4,1.4,7.0,3.77,High
426,427,9.0,0.1,7.9,6.0,1.0,3.36,High
427,428,5.3,3.3,8.0,0.7,6.7,3.03,Low
428,429,5.5,3.6,8.3,5.0,1.6,2.86,Low
429,430,7.6,1.7,6.6,2.6,5.5,3.34,Moderate
430,431,8.9,2.4,9.5,1.4,1.8,3.66,High
431,432,8.0,2.8,6.2,3.1,3.9,3.46,Moderate
432,433,5.5,1.5,7.4,3.9,5.7,2.85,Low
433,434,8.7,2.0,8.2,0.4,4.7,3.42,High
434,435,6.3,1.4,7.4,0.3,8.6,2.86,Moderate
435,436,9.9,1.3,7.4,1.1,4.3,3.35,High
436,437,8.1,1.1,6.0,3.1,5.7,3.15,High
437,438,9.0,2.3,7.6,1.5,3.6,3.2,High
438,439,9.7,1.6,5.4,3.7,3.6,3.39,High
439,440,7.5,3.5,7.5,3.9,1.6,2.97,Moderate
440,441,10.0,0.5,6.4,2.4,4.7,3.14,High
441,442,9.5,2.9,8.0,1.1,2.5,3.11,High
442,443,9.1,3.8,9.1,0.0,2.0,3.27,High
443,444,6.3,0.2,8.0,4.1,5.4,2.97,Moderate
444,445,5.6,1.5,7.3,2.2,7.4,2.8,Low
445,446,8.8,0.3,5.4,2.1,7.4,3.12,High
446,447,9.7,2.7,8.4,1.2,2.0,3.44,High
447,448,8.2,3.7,8.1,3.5,0.5,3.23,High
448,449,8.6,0.5,9.5,0.4,5.0,3.06,High
449,450,5.1,1.7,6.5,2.9,7.8,2.79,Low
450,451,7.9,0.2,5.6,3.4,6.9,3.44,High
451,452,8.3,3.4,8.5,1.6,2.2,3.07,High
452,453,8.4,1.1,6.5,4.7,3.3,3.54,High
453,454,9.1,3.4,9.6,0.8,1.1,3.31,High
454,455,6.6,2.3,6.9,3.6,4.6,3.2,Moderate
455,456,6.9,0.7,7.2,0.9,8.3,3.26,Moderate
456,457,9.5,1.4,5.8,0.2,7.1,3.69,High
457,458,6.7,0.3,7.0,1.9,8.1,3.28,Moderate
458,459,8.4,2.4,6.8,1.3,5.1,3.25,High
459,460,8.4,0.6,7.4,0.2,7.4,3.32,High
460,461,7.5,3.9,6.9,0.2,5.5,3.11,Moderate
461,462,5.8,0.1,8.8,2.8,6.5,2.8,Low
462,463,6.4,3.6,5.6,5.7,2.7,3.1,High
463,464,8.0,3.3,9.9,0.8,2.0,3.13,Moderate
464,465,9.8,1.6,6.9,1.9,3.8,3.23,High
465,466,7.8,2.2,8.8,4.3,0.9,3.2,Moderate
466,467,7.2,1.2,6.3,1.2,8.1,3.05,Moderate
467,468,6.4,3.9,7.8,2.0,3.9,2.87,Moderate
468,469,7.9,0.6,7.2,3.8,4.5,2.68,Moderate
469,470,10.0,3.5,8.1,1.4,1.0,3.44,High
470,471,8.1,0.8,7.0,0.2,7.9,3.74,High
471,472,6.1,3.9,9.5,3.2,1.3,2.61,Moderate
472,473,7.7,3.5,5.7,4.7,2.4,3.21,High
473,474,6.4,3.5,9.7,0.7,3.7,2.89,Moderate
474,475,7.3,3.9,7.4,4.7,0.7,2.74,Moderate
475,476,6.4,0.8,8.8,2.3,5.7,3.21,Moderate
476,477,7.6,2.0,7.9,5.2,1.3,3.13,Moderate
477,478,9.1,3.1,7.9,3.7,0.2,3.42,High
478,479,6.0,0.4,9.3,2.6,5.7,3.02,Moderate
479,480,8.1,3.7,5.1,2.9,4.2,2.63,High
480,481,8.4,2.9,8.5,0.6,3.6,3.07,High
481,482,9.0,1.1,6.1,5.7,2.1,3.07,High
482,483,5.0,4.0,8.4,5.0,1.6,2.9,Low
483,484,8.7,0.6,8.8,4.5,1.4,3.41,High
484,485,8.3,3.1,9.2,2.1,1.3,3.24,High
485,486,5.4,1.6,7.0,0.4,9.6,2.63,Low
486,487,6.7,0.4,9.0,5.7,2.2,2.63,Moderate
487,488,5.4,2.0,9.0,4.2,3.4,2.85,Low
488,489,5.3,0.3,7.0,1.8,9.6,2.64,Low
489,490,9.0,3.7,7.0,3.9,0.4,3.16,High
490,491,6.6,1.9,6.1,3.8,5.6,3.0,Moderate
491,492,6.8,2.6,5.6,5.3,3.7,3.08,High
492,493,7.5,1.8,7.9,3.7,3.1,3.17,Moderate
493,494,6.2,2.9,9.1,4.7,1.1,2.83,Moderate
494,495,7.8,2.1,5.7,4.7,3.7,3.16,High
495,496,6.4,0.5,8.1,0.3,8.7,2.61,Moderate
496,497,8.7,1.3,5.0,3.1,5.9,3.24,High
497,498,9.2,0.0,6.2,4.4,4.2,3.41,High
498,499,6.6,0.4,6.8,1.6,8.6,2.89,Moderate
499,500,8.9,3.6,7.2,3.9,0.4,3.51,High
500,501,6.9,3.9,5.4,4.1,3.7,2.55,High
501,502,8.2,2.8,5.0,1.0,7.0,3.2,High
502,503,8.6,2.7,9.8,2.2,0.7,3.31,High
503,504,6.5,0.4,8.9,3.9,4.3,3.01,Moderate
504,505,5.2,1.4,9.8,3.0,4.6,2.49,Low
505,506,6.0,1.5,6.8,0.3,9.4,2.44,Moderate
506,507,8.8,1.7,9.1,3.7,0.7,3.44,High
507,508,7.4,3.5,6.1,4.1,2.9,2.88,Moderate
508,509,8.0,1.2,5.7,3.9,5.2,3.03,High
509,510,8.2,1.6,8.6,1.1,4.5,3.46,High
510,511,9.5,1.1,6.8,0.3,6.3,3.43,High
511,512,6.3,3.3,5.1,2.3,7.0,2.74,High
512,513,6.7,0.1,5.6,2.5,9.1,2.49,High
513,514,7.7,2.4,5.0,2.8,6.1,3.12,High
514,515,9.8,2.1,8.4,1.2,2.5,3.61,High
515,516,7.6,3.9,5.6,0.1,6.8,3.28,High
516,517,8.9,3.2,5.6,1.6,4.7,3.36,High
517,518,6.7,1.5,5.0,1.8,9.0,3.31,High
518,519,8.2,3.9,9.2,0.1,2.6,3.26,High
519,520,8.9,1.8,7.0,1.8,4.5,3.38,High
520,521,5.3,0.9,6.2,2.9,8.7,2.76,Low
521,522,5.3,3.8,9.7,4.1,1.1,3.13,Low
522,523,10.0,2.2,9.8,0.2,1.8,3.25,High
523,524,6.0,0.6,8.1,4.7,4.6,2.78,Moderate
524,525,7.9,0.6,9.1,3.8,2.6,3.5,Moderate
525,526,6.3,1.4,9.6,1.7,5.0,2.74,Moderate
526,527,7.3,3.6,8.5,0.3,4.3,2.93,Moderate
527,528,5.7,3.8,7.6,1.5,5.4,3.27,Low
528,529,7.5,2.7,5.4,1.6,6.8,3.09,High
529,530,7.7,1.7,5.2,1.0,8.4,3.43,High
530,531,7.2,0.8,5.2,5.1,5.7,2.99,High
531,532,9.8,0.8,9.8,3.6,0.0,3.59,High
532,533,8.6,3.9,7.8,1.0,2.7,3.69,High
533,534,5.4,2.5,9.9,1.1,5.1,2.54,Low
534,535,9.0,3.6,9.7,1.6,0.1,3.44,High
535,536,8.8,0.6,7.4,4.3,2.9,3.32,High
536,537,6.2,2.6,8.3,1.0,5.9,3.23,Moderate
537,538,7.5,0.0,5.0,2.1,9.4,3.2,High
538,539,9.6,0.9,8.2,1.2,4.1,3.62,High
539,540,8.6,0.4,7.1,0.2,7.7,3.2,High
540,541,7.4,2.6,5.6,1.7,6.7,3.26,High
541,542,10.0,0.2,8.8,1.9,3.1,3.46,High
542,543,7.0,3.0,9.6,4.2,0.2,2.68,Moderate
543,544,8.9,1.0,7.8,2.2,4.1,3.54,High
544,545,8.3,1.0,6.0,5.5,3.2,3.25,High
545,546,6.1,0.2,5.2,1.1,11.4,2.72,High
546,547,9.3,1.1,9.8,2.2,1.6,3.79,High
547,548,7.6,3.0,6.4,2.1,4.9,2.83,Moderate
548,549,9.5,3.8,9.5,0.5,0.7,3.4,High
549,550,7.5,0.8,8.0,1.1,6.6,3.43,Moderate
550,551,6.7,3.4,6.0,0.4,7.5,2.48,Moderate
551,552,9.1,3.3,6.7,3.4,1.5,3.4,High
552,553,8.9,2.6,5.8,5.3,1.4,2.98,High
553,554,7.1,0.2,5.6,4.6,6.5,3.13,High
554,555,5.0,1.7,7.6,0.3,9.4,2.53,Low
555,556,6.2,0.0,8.6,5.8,3.4,2.71,Moderate
556,557,6.1,2.7,8.7,5.1,1.4,2.57,Moderate
557,558,6.6,2.9,9.1,1.0,4.4,2.85,Moderate
558,559,6.9,3.6,9.0,4.4,0.1,2.92,Moderate
559,560,8.0,2.6,5.4,3.3,4.7,3.48,High
560,561,8.5,0.7,8.9,3.4,2.5,3.41,High
561,562,6.5,2.9,8.8,0.6,5.2,2.67,Moderate
562,563,7.6,2.0,6.8,5.6,2.0,3.25,Moderate
563,564,8.6,1.8,9.6,2.8,1.2,3.47,High
564,565,8.6,3.4,6.4,4.5,1.1,3.18,High
565,566,6.7,3.9,9.3,2.9,1.2,2.78,Moderate
566,567,8.6,2.2,9.7,1.7,1.8,3.07,High
567,568,8.9,2.9,6.9,0.1,5.2,3.26,High
568,569,9.2,0.0,8.5,5.8,0.5,3.08,High
569,570,8.5,3.3,7.7,4.4,0.1,3.2,High
570,571,5.3,2.0,8.6,5.2,2.9,2.89,Low
571,572,7.8,1.6,5.7,5.2,3.7,3.06,High
572,573,5.8,1.2,6.5,5.2,5.3,3.08,Low
573,574,6.3,2.5,7.9,5.0,2.3,3.07,Moderate
574,575,9.5,0.0,8.4,0.3,5.8,3.07,High
575,576,6.5,1.4,8.1,2.0,6.0,3.06,Moderate
576,577,8.7,1.6,5.3,4.7,3.7,3.2,High
577,578,8.4,1.3,5.3,2.2,6.8,2.92,High
578,579,9.7,2.6,8.4,2.1,1.2,3.38,High
579,580,8.8,0.4,6.4,1.7,6.7,3.05,High
580,581,7.2,3.9,5.3,3.1,4.5,3.03,High
581,582,8.7,2.8,7.1,1.9,3.5,3.12,High
582,583,7.0,1.1,6.0,2.9,7.0,2.87,Moderate
583,584,8.3,3.9,8.0,0.3,3.5,3.04,High
584,585,5.4,3.8,6.5,0.6,7.7,3.14,Low
585,586,8.2,1.1,5.1,5.8,3.8,3.5,High
586,587,6.3,2.7,8.5,3.7,2.8,2.72,Moderate
587,588,8.0,3.5,9.7,0.3,2.5,3.02,Moderate
588,589,5.8,3.8,8.7,5.0,0.7,2.95,Low
589,590,8.5,2.7,7.0,0.1,5.7,3.01,High
590,591,7.9,1.0,7.3,5.7,2.1,3.41,Moderate
591,592,5.9,2.7,9.9,0.6,4.9,2.82,Low
592,593,5.0,1.7,5.5,4.5,7.3,2.72,High
593,594,6.3,1.7,8.6,0.1,7.3,3.11,Moderate
594,595,7.9,2.5,8.2,1.3,4.1,3.08,Moderate
595,596,6.0,3.5,8.7,0.1,5.7,2.95,Moderate
596,597,6.2,0.9,6.4,1.5,9.0,2.92,Moderate
597,598,8.7,2.4,8.4,0.4,4.1,3.16,High
598,599,9.8,3.4,9.0,1.5,0.3,3.49,High
599,600,6.0,2.5,8.7,4.4,2.4,3.05,Moderate
600,601,7.6,0.3,6.9,5.5,3.7,3.35,Moderate
601,602,6.3,1.5,9.5,4.0,2.7,3.42,Moderate
602,603,8.9,1.8,8.2,1.3,3.8,3.21,High
603,604,7.2,2.6,9.7,0.3,4.2,3.42,Moderate
604,605,9.1,1.2,7.2,0.1,6.4,3.37,High
605,606,5.3,2.0,9.6,0.6,6.5,2.41,Low
606,607,8.8,1.6,8.3,1.4,3.9,3.26,High
607,608,5.4,0.7,8.3,5.3,4.3,2.75,Low
608,609,9.1,2.7,5.6,1.7,4.9,3.15,High
609,610,7.6,2.1,6.8,2.1,5.4,2.97,Moderate
610,611,9.1,3.2,6.5,4.8,0.4,3.34,High
611,612,6.8,2.0,9.7,4.8,0.7,3.09,Moderate
612,613,5.5,1.6,7.8,3.0,6.1,2.9,Low
613,614,8.4,3.4,9.3,2.2,0.7,3.2,High
614,615,7.2,2.4,5.8,4.0,4.6,3.19,High
615,616,6.1,0.5,5.8,0.0,11.6,2.73,High
616,617,8.6,2.9,7.6,0.8,4.1,3.15,High
617,618,5.5,0.9,7.6,3.6,6.4,2.57,Low
618,619,6.2,0.2,7.0,1.4,9.2,3.13,Moderate
619,620,7.1,1.7,7.7,4.2,3.3,3.48,Moderate
620,621,8.5,0.7,7.5,2.5,4.8,3.34,High
621,622,7.7,0.5,8.0,0.7,7.1,3.34,Moderate
622,623,6.7,0.6,8.5,1.2,7.0,3.18,Moderate
623,624,6.0,2.0,7.1,0.1,8.8,2.85,Moderate
624,625,9.0,0.3,7.4,3.4,3.9,3.64,High
625,626,6.3,0.0,8.6,3.2,5.9,3.14,Moderate
626,627,9.2,3.3,9.2,1.1,1.2,3.6,High
627,628,7.3,0.7,9.3,5.3,1.4,2.97,Moderate
628,629,7.3,0.3,6.9,4.8,4.7,3.09,Moderate
629,630,5.3,3.5,6.9,3.3,5.0,2.81,Low
630,631,9.8,0.3,8.2,0.4,5.3,3.71,High
631,632,7.2,4.0,7.8,1.6,3.4,2.98,Moderate
632,633,6.1,1.4,6.9,0.4,9.2,2.79,Moderate
633,634,8.6,2.6,8.5,0.0,4.3,2.85,High
634,635,6.1,2.6,7.4,0.0,7.9,3.03,Moderate
635,636,7.7,0.3,8.8,3.5,3.7,3.29,Moderate
636,637,8.9,3.0,9.0,1.6,1.5,3.42,High
637,638,8.1,3.0,5.8,1.2,5.9,3.04,High
638,639,9.5,3.0,9.5,1.5,0.5,3.76,High
639,640,9.4,2.3,8.2,0.6,3.5,3.62,High
640,641,7.4,2.9,6.4,1.2,6.1,2.89,Moderate
641,642,6.1,1.7,9.5,3.0,3.7,2.76,Moderate
642,643,5.9,0.3,8.5,2.3,7.0,2.99,Low
643,644,9.0,1.1,8.5,1.4,4.0,3.56,High
644,645,9.7,2.5,6.6,1.4,3.8,3.57,High
645,646,6.1,2.4,6.3,4.0,5.2,2.73,Moderate
646,647,9.1,3.1,8.8,0.6,2.4,3.42,High
647,648,6.8,1.7,5.2,1.6,8.7,2.91,High
648,649,5.2,3.5,6.2,3.3,5.8,2.8,Low
649,650,6.6,3.6,9.4,1.4,3.0,2.94,Moderate
650,651,9.5,4.0,9.1,1.2,0.2,3.52,High
651,652,5.3,0.4,10.0,2.0,6.3,2.49,Low
652,653,8.7,3.2,9.3,2.8,0.0,3.1,High
653,654,5.1,1.4,8.9,3.4,5.2,2.72,Low
654,655,6.6,2.6,6.2,0.1,8.5,3.11,Moderate
655,656,8.8,0.2,9.2,3.6,2.2,3.59,High
656,657,7.8,2.5,9.3,2.6,1.8,3.2,Moderate
657,658,8.8,1.8,8.5,1.9,3.0,3.32,High
658,659,6.1,2.4,9.6,5.5,0.4,2.99,Moderate
659,660,6.1,4.0,9.9,2.6,1.4,2.49,Moderate
660,661,9.0,2.9,8.0,0.2,3.9,3.74,High
661,662,8.4,1.5,9.7,0.7,3.7,3.16,High
662,663,7.5,2.8,8.5,3.4,1.8,2.98,Moderate
663,664,8.2,2.4,5.9,4.2,3.3,3.13,High
664,665,7.3,2.7,9.2,0.8,4.0,3.41,Moderate
665,666,9.2,3.2,9.8,1.0,0.8,3.55,High
666,667,7.4,1.6,5.8,3.4,5.8,3.19,High
667,668,7.9,2.4,6.8,0.3,6.6,3.14,Moderate
668,669,5.2,1.7,5.4,3.6,8.1,2.55,High
669,670,9.3,3.5,6.0,3.8,1.4,3.52,High
670,671,6.4,3.2,10.0,0.1,4.3,3.01,Moderate
671,672,9.9,1.9,9.2,0.2,2.8,3.65,High
672,673,6.7,0.3,9.9,4.9,2.2,2.96,Moderate
673,674,5.4,0.8,6.1,2.8,8.9,2.66,Low
674,675,6.3,0.4,5.8,0.9,10.6,2.93,High
675,676,6.4,3.2,6.6,1.8,6.0,3.06,Moderate
676,677,6.2,0.5,6.3,2.1,8.9,2.84,Moderate
677,678,6.1,3.2,5.7,2.1,6.9,2.95,High
678,679,9.3,0.6,5.4,2.9,5.8,3.51,High
679,680,9.0,0.5,7.9,3.0,3.6,2.99,High
680,681,5.7,2.5,6.4,2.9,6.5,2.84,Low
681,682,6.5,3.3,5.3,2.5,6.4,2.81,High
682,683,7.3,2.9,7.9,3.9,2.0,3.19,Moderate
683,684,6.6,2.2,9.2,5.9,0.1,3.06,Moderate
684,685,9.4,1.5,6.0,2.9,4.2,3.4,High
685,686,7.4,3.4,6.8,5.2,1.2,3.45,Moderate
686,687,7.0,1.3,7.3,4.6,3.8,3.0,Moderate
687,688,9.8,0.7,7.8,3.3,2.4,3.41,High
688,689,7.4,2.6,6.1,3.3,4.6,3.41,Moderate
689,690,5.7,2.3,5.9,1.7,8.4,2.62,High
690,691,6.1,0.7,9.1,1.7,6.4,2.69,Moderate
691,692,6.9,3.2,6.8,0.5,6.6,3.08,Moderate
692,693,7.8,3.4,9.0,0.7,3.1,2.95,Moderate
693,694,6.1,3.5,6.2,1.6,6.6,3.05,Moderate
694,695,5.0,3.5,9.0,3.8,2.7,2.62,Low
695,696,7.3,1.4,5.5,2.9,6.9,3.19,High
696,697,9.6,0.2,6.5,1.2,6.5,3.5,High
697,698,7.3,1.9,8.8,0.9,5.1,3.06,Moderate
698,699,7.4,1.7,8.0,6.0,0.9,3.0,Moderate
699,700,9.1,0.7,5.2,1.2,7.8,3.64,High
700,701,6.7,2.0,8.1,5.5,1.7,3.11,Moderate
701,702,5.3,0.1,7.8,2.6,8.2,3.58,Low
702,703,9.2,0.6,5.1,2.7,6.4,3.27,High
703,704,8.0,1.1,5.9,2.3,6.7,3.27,High
704,705,9.0,1.6,8.8,0.6,4.0,3.2,High
705,706,8.4,2.3,9.6,1.4,2.3,3.41,High
706,707,5.3,0.1,9.1,3.1,6.4,2.65,Low
707,708,6.7,0.1,9.8,4.0,3.4,3.15,Moderate
708,709,9.7,1.1,8.1,3.5,1.6,3.63,High
709,710,9.7,3.5,8.7,0.6,1.5,3.36,High
710,711,6.4,3.9,5.1,4.3,4.3,3.14,High
711,712,10.0,1.2,6.7,0.5,5.6,3.79,High
712,713,7.2,1.0,6.7,5.0,4.1,3.21,Moderate
713,714,5.3,0.4,5.8,3.6,8.9,2.76,High
714,715,5.8,3.9,7.2,3.0,4.1,2.83,Low
715,716,8.3,3.0,8.8,2.3,1.6,2.92,High
716,717,9.5,3.3,8.8,0.1,2.3,3.24,High
717,718,7.0,3.5,9.5,3.6,0.4,3.4,Moderate
718,719,6.6,2.8,6.4,1.1,7.1,2.88,Moderate
719,720,7.1,3.3,5.6,4.4,3.6,2.85,High
720,721,7.7,1.2,7.5,1.8,5.8,2.88,Moderate
721,722,5.8,0.5,7.7,5.4,4.6,3.27,Low
722,723,6.7,2.9,8.3,5.6,0.5,3.06,Moderate
723,724,8.3,3.6,7.0,1.7,3.4,3.5,High
724,725,5.1,3.3,9.0,0.6,6.0,2.54,Low
725,726,5.6,3.9,6.1,0.4,8.0,3.32,Low
726,727,8.0,3.0,5.2,4.0,3.8,3.01,High
727,728,5.9,2.3,6.5,5.6,3.7,2.9,Low
728,729,9.1,3.9,6.3,4.6,0.1,2.98,High
729,730,5.3,0.2,8.5,2.7,7.3,2.62,Low
730,731,6.1,2.5,6.3,3.5,5.6,3.13,Moderate
731,732,9.1,1.9,6.8,2.2,4.0,3.27,High
732,733,9.0,1.3,6.0,0.5,7.2,3.05,High
733,734,9.2,0.9,6.9,4.9,2.1,2.81,High
734,735,9.1,1.5,7.3,1.8,4.3,3.4,High
735,736,7.7,0.1,7.4,2.4,6.4,3.24,Moderate
736,737,5.8,2.6,9.9,3.2,2.5,2.8,Low
737,738,7.1,0.5,8.1,5.6,2.7,3.1,Moderate
738,739,8.3,0.3,6.8,3.3,5.3,3.48,High
739,740,9.1,2.4,6.9,1.4,4.2,3.3,High
740,741,5.5,1.4,7.1,4.1,5.9,2.71,Low
741,742,7.0,0.7,5.8,5.0,5.5,3.09,High
742,743,5.2,1.7,5.8,5.3,6.0,2.48,High
743,744,7.5,2.9,9.8,0.8,3.0,3.19,Moderate
744,745,9.4,3.7,9.6,0.8,0.5,3.16,High
745,746,8.8,2.1,8.4,2.0,2.7,3.66,High
746,747,8.7,3.3,5.7,5.0,1.3,3.55,High
747,748,7.2,1.5,9.6,1.4,4.3,3.11,Moderate
748,749,9.2,1.9,7.6,1.6,3.7,3.02,High
749,750,5.2,1.1,5.0,5.9,6.8,2.93,High
750,751,9.8,1.6,8.6,1.4,2.6,3.68,High
751,752,9.7,1.6,8.9,1.0,2.8,3.57,High
752,753,10.0,0.1,8.0,3.9,2.0,3.35,High
753,754,9.7,0.7,8.1,1.2,4.3,3.53,High
754,755,6.5,2.2,7.1,1.0,7.2,2.91,Moderate
755,756,8.8,3.6,5.4,2.4,3.8,3.08,High
756,757,5.5,0.1,8.3,3.6,6.5,2.73,Low
757,758,5.1,3.3,9.9,0.8,4.9,2.64,Low
758,759,6.2,3.5,9.6,2.0,2.7,2.55,Moderate
759,760,5.1,2.3,5.1,4.7,6.8,3.03,High
760,761,6.5,0.2,7.9,2.4,7.0,2.98,Moderate
761,762,6.4,2.8,6.4,5.4,3.0,3.05,Moderate
762,763,6.9,2.2,5.3,2.6,7.0,3.12,High
763,764,6.1,0.9,9.1,5.6,2.3,3.01,Moderate
764,765,5.5,1.8,6.7,5.2,4.8,2.24,Low
765,766,6.7,1.6,7.6,1.0,7.1,2.93,Moderate
766,767,7.9,3.2,8.8,0.6,3.5,3.09,Moderate
767,768,6.8,1.6,8.4,0.3,6.9,2.88,Moderate
768,769,5.2,1.6,8.5,1.2,7.5,2.52,Low
769,770,9.4,3.6,6.5,1.0,3.5,3.57,High
770,771,7.1,1.0,8.4,5.0,2.5,3.26,Moderate
771,772,7.0,0.6,8.7,2.2,5.5,3.15,Moderate
772,773,8.4,1.1,5.4,6.0,3.1,3.44,High
773,774,9.3,1.2,7.3,3.7,2.5,3.76,High
774,775,7.1,1.7,6.7,3.4,5.1,2.99,Moderate
775,776,9.7,2.8,9.1,1.3,1.1,3.54,High
776,777,8.9,0.1,9.1,0.2,5.7,3.14,High
777,778,8.8,1.0,9.3,0.5,4.4,3.18,High
778,779,5.6,3.9,8.4,5.1,1.0,3.08,Low
779,780,8.0,2.4,8.4,3.0,2.2,2.96,Moderate
780,781,7.1,1.1,8.8,1.4,5.6,2.85,Moderate
781,782,8.1,3.0,6.1,0.4,6.4,3.37,High
782,783,5.7,2.4,9.2,0.3,6.4,2.69,Low
783,784,7.4,3.7,6.7,2.8,3.4,3.36,Moderate
785,786,7.7,0.7,6.5,4.0,5.1,3.54,Moderate
786,787,9.8,0.2,9.5,2.6,1.9,3.47,High
787,788,5.3,0.4,8.0,2.0,8.3,3.37,Low
788,789,9.6,1.6,5.7,4.3,2.8,3.49,High
789,790,8.5,3.6,9.0,2.0,0.9,2.9,High
790,791,8.4,3.8,6.5,0.0,5.3,3.08,High
791,792,8.3,2.5,8.0,0.1,5.1,3.1,High
792,793,8.6,1.3,8.3,3.2,2.6,3.11,High
793,794,5.5,3.3,9.6,3.6,2.0,2.75,Low
794,795,5.5,1.6,8.6,4.7,3.6,2.64,Low
795,796,6.3,0.1,7.7,5.1,4.8,3.22,Moderate
796,797,9.8,2.3,7.6,0.4,3.9,3.04,High
797,798,8.0,1.6,6.2,0.6,7.6,3.38,Moderate
798,799,6.6,0.4,5.9,5.9,5.2,3.27,High
799,800,9.4,4.0,7.9,2.2,0.5,2.91,High
800,801,6.6,1.2,7.0,4.0,5.2,2.76,Moderate
801,802,5.7,2.5,5.6,3.5,6.7,3.08,High
802,803,8.5,2.8,8.8,3.4,0.5,3.63,High
803,804,8.1,0.7,5.1,1.7,8.4,3.21,High
804,805,7.2,2.5,9.2,1.0,4.1,3.07,Moderate
805,806,7.9,2.2,5.4,0.3,8.2,2.99,High
806,807,5.5,2.3,7.7,1.4,7.1,3.05,Low
807,808,5.2,2.0,8.4,1.5,6.9,2.88,Low
808,809,6.5,2.5,9.5,4.5,1.0,3.29,Moderate
809,810,6.8,2.6,7.3,1.1,6.2,3.13,Moderate
810,811,8.5,2.2,6.8,5.5,1.0,3.07,High
811,812,8.4,1.6,8.8,2.4,2.8,3.51,High
812,813,7.1,3.7,6.3,0.7,6.2,3.15,Moderate
813,814,6.9,0.2,6.7,3.0,7.2,3.05,Moderate
814,815,5.8,2.6,10.0,2.5,3.1,2.64,Low
815,816,5.6,3.5,7.1,2.3,5.5,2.5,Low
816,817,8.3,1.8,8.2,0.4,5.3,3.33,High
817,818,5.8,1.9,8.0,3.5,4.8,2.9,Low
818,819,7.0,1.4,5.6,2.4,7.6,3.15,High
819,820,6.0,0.2,7.8,3.6,6.4,2.75,Moderate
820,821,9.4,2.3,6.7,4.5,1.1,3.25,High
821,822,7.8,3.6,7.0,1.7,3.9,3.19,Moderate
822,823,5.7,0.6,7.2,3.6,6.9,2.96,Low
823,824,9.1,0.3,7.4,3.8,3.4,3.66,High
824,825,9.1,3.1,6.4,5.1,0.3,3.45,High
825,826,7.9,3.7,8.4,1.9,2.1,2.68,Moderate
826,827,9.0,3.8,5.1,5.9,0.2,3.22,High
827,828,7.2,2.6,6.9,0.3,7.0,3.0,Moderate
828,829,8.0,3.6,6.9,1.2,4.3,3.08,Moderate
829,830,9.1,3.3,7.9,1.3,2.4,3.35,High
830,831,9.0,2.2,9.1,2.3,1.4,3.44,High
831,832,7.1,3.8,7.7,3.3,2.1,3.33,Moderate
832,833,6.1,2.5,7.9,1.1,6.4,2.94,Moderate
833,834,8.8,2.1,6.1,4.0,3.0,3.2,High
834,835,5.4,1.8,5.8,1.1,9.9,2.71,High
835,836,5.3,1.6,7.6,2.9,6.6,2.54,Low
836,837,6.9,3.4,5.7,3.0,5.0,3.37,High
837,838,9.4,2.2,9.8,0.1,2.5,3.79,High
838,839,5.5,0.2,5.9,3.2,9.2,2.74,High
839,840,9.7,3.4,6.5,0.3,4.1,3.48,High
840,841,5.8,0.5,5.6,3.1,9.0,2.73,High
841,842,9.9,2.7,9.7,0.2,1.5,3.23,High
842,843,6.9,2.2,5.4,0.0,9.5,3.27,High
843,844,7.1,2.0,7.1,0.1,7.7,3.34,Moderate
844,845,6.7,0.7,5.5,5.7,5.4,3.31,High
845,846,6.6,1.6,6.2,0.6,9.0,3.12,Moderate
846,847,5.9,3.2,8.4,3.3,3.2,3.05,Low
847,848,5.4,1.1,6.7,4.7,6.1,2.8,Low
848,849,10.0,1.0,9.4,3.0,0.6,3.4,High
849,850,7.0,3.9,5.9,4.8,2.4,2.78,High
850,851,6.7,2.9,7.1,3.5,3.8,3.09,Moderate
851,852,9.3,0.2,8.5,0.8,5.2,3.49,High
852,853,7.1,2.2,7.0,3.1,4.6,2.87,Moderate
853,854,5.7,0.6,9.7,5.3,2.7,3.18,Low
854,855,9.5,4.0,6.0,1.6,2.9,3.39,High
855,856,7.1,1.4,8.0,3.5,4.0,3.48,Moderate
856,857,5.8,1.9,7.8,3.4,5.1,3.01,Low
857,858,5.1,1.4,8.9,3.4,5.2,2.6,Low
858,859,6.3,2.8,7.8,4.8,2.3,3.08,Moderate
859,860,7.4,0.5,6.3,2.5,7.3,3.4,Moderate
860,861,8.0,2.1,6.4,0.0,7.5,2.83,Moderate
861,862,8.7,0.1,7.9,5.6,1.7,3.3,High
862,863,5.9,1.9,5.5,3.8,6.9,2.45,High
863,864,7.6,3.6,6.0,0.1,6.7,3.38,Moderate
864,865,9.3,2.3,9.5,1.7,1.2,3.34,High
865,866,8.7,3.7,7.9,0.7,3.0,3.57,High
866,867,6.3,0.8,6.2,1.8,8.9,3.37,Moderate
867,868,7.1,2.5,5.4,0.5,8.5,3.33,High
868,869,5.9,2.1,6.1,1.7,8.2,3.13,Low
869,870,5.1,2.6,8.3,4.8,3.2,2.69,Low
870,871,9.7,0.1,5.8,5.3,3.1,3.92,High
871,872,8.3,2.7,9.7,3.3,0.0,2.95,High
872,873,8.6,1.1,9.4,0.2,4.7,3.36,High
873,874,6.3,0.9,5.7,5.2,5.9,2.9,High
874,875,7.5,2.7,6.2,4.5,3.1,2.97,Moderate
875,876,7.1,0.8,9.9,3.9,2.3,3.28,Moderate
876,877,9.7,1.2,8.9,3.2,1.0,3.26,High
877,878,8.4,2.9,7.9,1.0,3.8,3.2,High
878,879,7.5,1.2,7.1,3.9,4.3,2.96,Moderate
879,880,7.0,1.1,6.0,4.7,5.2,3.2,Moderate
880,881,9.5,1.5,8.8,3.8,0.4,3.36,High
881,882,9.8,1.5,6.7,0.4,5.6,3.54,High
882,883,7.4,0.4,6.2,1.9,8.1,3.16,Moderate
883,884,6.5,3.4,9.3,3.7,1.1,3.02,Moderate
884,885,5.7,2.8,9.7,4.0,1.8,2.86,Low
885,886,8.2,2.0,5.6,1.9,6.3,2.81,High
886,887,9.0,3.4,5.7,5.6,0.3,3.59,High
887,888,8.8,3.2,9.7,0.7,1.6,3.07,High
888,889,9.3,0.5,8.5,4.2,1.5,3.17,High
889,890,9.4,0.7,5.3,4.3,4.3,3.57,High
890,891,7.4,3.4,6.9,1.0,5.3,3.15,Moderate
891,892,5.9,2.9,7.6,3.6,4.0,3.13,Low
892,893,7.3,3.3,9.1,3.1,1.2,3.34,Moderate
893,894,6.8,3.5,8.6,0.6,4.5,3.23,Moderate
894,895,7.0,3.5,5.2,5.8,2.5,3.26,High
895,896,6.4,1.0,9.7,1.8,5.1,3.25,Moderate
896,897,8.9,1.6,5.7,0.1,7.7,3.42,High
897,898,6.8,1.4,6.7,3.1,6.0,3.03,Moderate
898,899,7.2,3.5,7.5,2.9,2.9,3.04,Moderate
899,900,8.3,2.4,7.1,2.5,3.7,3.22,High
900,901,8.9,0.8,9.1,3.4,1.8,3.1,High
901,902,6.3,3.0,7.6,1.9,5.2,2.48,Moderate
902,903,8.0,4.0,7.2,4.4,0.4,3.11,Moderate
903,904,6.0,1.7,6.1,0.0,10.2,2.87,Moderate
904,905,9.6,3.4,8.7,0.4,1.9,3.5,High
905,906,7.2,0.5,7.6,2.1,6.6,3.11,Moderate
906,907,6.9,2.5,8.6,0.7,5.3,3.29,Moderate
907,908,6.7,1.8,8.4,3.1,4.0,2.92,Moderate
908,909,9.3,3.5,5.0,4.7,1.5,3.45,High
909,910,7.4,3.9,8.8,1.0,2.9,3.11,Moderate
910,911,7.7,4.0,9.3,0.3,2.7,2.96,Moderate
911,912,5.0,1.6,6.2,4.9,6.3,3.01,Low
912,913,6.7,3.3,5.0,1.8,7.2,2.85,High
913,914,5.3,0.7,7.8,1.7,8.5,2.64,Low
914,915,7.1,1.5,9.4,5.4,0.6,2.65,Moderate
915,916,5.5,3.8,5.3,1.8,7.6,2.81,High
916,917,6.5,1.3,5.8,4.7,5.7,3.04,High
917,918,5.6,0.3,9.5,1.1,7.5,2.66,Low
918,919,9.1,2.2,5.4,5.7,1.6,3.48,High
919,920,5.8,3.4,5.1,3.1,6.6,2.79,High
920,921,8.8,3.7,9.5,1.6,0.4,3.29,High
921,922,6.4,1.2,6.9,2.4,7.1,3.0,Moderate
922,923,7.7,0.6,8.5,1.0,6.2,3.16,Moderate
923,924,9.0,3.0,8.2,0.6,3.2,2.96,High
924,925,7.7,0.3,6.9,2.5,6.6,3.08,Moderate
925,926,5.9,1.6,9.7,0.8,6.0,2.86,Low
926,927,8.8,0.4,9.9,1.9,3.0,3.19,High
927,928,8.1,0.8,5.7,5.6,3.8,3.45,High
928,929,9.6,3.5,8.1,2.3,0.5,3.4,High
929,930,6.6,2.5,6.8,0.9,7.2,2.88,Moderate
930,931,8.0,3.3,6.9,0.8,5.0,3.08,Moderate
931,932,6.5,2.6,8.0,4.2,2.7,2.83,Moderate
932,933,6.8,3.3,6.0,2.8,5.1,2.92,Moderate
933,934,5.5,3.5,6.7,4.1,4.2,2.92,Low
934,935,5.1,2.8,6.6,0.3,9.2,2.49,Low
935,936,6.9,0.3,5.7,1.8,9.3,3.15,High
936,937,5.4,3.6,5.0,2.9,7.1,2.74,High
937,938,9.6,0.6,9.8,0.8,3.2,3.29,High
938,939,8.7,2.2,9.4,2.0,1.7,3.03,High
939,940,5.8,3.7,6.6,2.2,5.7,2.9,Low
940,941,8.8,1.4,9.8,3.0,1.0,3.51,High
941,942,5.2,1.0,7.3,1.4,9.1,2.83,Low
942,943,8.7,3.7,7.1,1.5,3.0,3.29,High
943,944,7.4,1.4,9.5,3.2,2.5,3.22,Moderate
944,945,8.8,3.2,6.7,2.3,3.0,3.24,High
945,946,9.0,3.8,8.1,2.3,0.8,3.55,High
946,947,9.0,3.4,7.0,0.2,4.4,3.68,High
947,948,7.3,3.0,6.8,3.8,3.1,2.91,Moderate
948,949,5.9,3.0,7.7,1.2,6.2,3.09,Low
949,950,7.4,0.9,9.8,4.2,1.7,2.94,Moderate
950,951,9.8,1.7,7.4,4.6,0.5,3.84,High
951,952,6.3,1.8,5.6,1.2,9.1,2.99,High
952,953,5.0,0.2,9.9,1.5,7.4,2.94,Low
953,954,7.8,0.6,8.6,3.6,3.4,3.26,Moderate
954,955,8.7,3.1,9.9,1.3,1.0,3.55,High
955,956,5.3,3.6,5.6,2.0,7.5,2.53,High
956,957,9.1,2.4,7.0,2.6,2.9,3.28,High
957,958,9.3,0.4,8.9,4.6,0.8,3.58,High
958,959,5.9,1.7,5.8,4.2,6.4,3.32,High
959,960,6.0,0.8,5.2,1.9,10.1,3.01,High
960,961,7.8,3.4,8.3,2.0,2.5,3.18,Moderate
961,962,6.3,0.2,8.6,0.7,8.2,3.1,Moderate
962,963,6.5,2.1,7.8,3.6,4.0,2.9,Moderate
963,964,8.1,3.9,8.6,3.1,0.3,2.99,High
964,965,8.8,2.4,6.0,4.0,2.8,3.59,High
965,966,7.4,2.1,6.7,3.1,4.7,3.44,Moderate
966,967,6.0,3.2,5.9,0.5,8.4,3.28,High
967,968,7.2,1.1,7.8,2.1,5.8,2.93,Moderate
968,969,9.7,3.7,7.5,1.0,2.1,3.04,High
969,970,9.6,0.0,7.8,4.4,2.2,3.38,High
970,971,7.4,0.3,9.9,3.1,3.3,2.84,Moderate
971,972,7.4,1.7,5.4,0.6,8.9,3.23,High
972,973,9.2,1.0,6.0,3.0,4.8,3.18,High
973,974,5.2,0.2,9.2,0.7,8.7,2.82,Low
974,975,5.2,1.8,9.2,1.6,6.2,2.68,Low
975,976,7.2,2.3,7.9,2.0,4.6,3.06,Moderate
976,977,6.6,0.4,6.8,0.6,9.6,3.31,Moderate
977,978,6.4,2.5,7.3,2.9,4.9,3.12,Moderate
978,979,8.8,1.1,6.6,5.5,2.0,3.32,High
979,980,9.6,2.4,7.7,1.1,3.2,3.3,High
980,981,6.7,3.4,7.8,3.1,3.0,2.98,Moderate
981,982,8.0,0.3,8.4,5.6,1.7,3.28,Moderate
982,983,7.9,0.5,7.9,4.6,3.1,3.38,Moderate
983,984,8.2,3.6,8.1,0.5,3.6,3.18,High
984,985,6.5,0.8,9.5,4.6,2.6,2.74,Moderate
985,986,5.9,3.0,7.4,1.4,6.3,3.1,Low
986,987,8.1,0.2,6.6,2.8,6.3,3.14,High
987,988,6.0,3.1,7.1,3.4,4.4,2.84,Moderate
988,989,5.1,0.1,7.2,4.9,6.7,2.94,Low
989,990,6.9,3.3,5.7,5.6,2.5,3.05,High
990,991,8.8,3.8,8.4,1.1,1.9,3.3,High
991,992,6.7,2.8,8.8,5.3,0.4,3.05,Moderate
992,993,6.0,3.2,8.7,0.4,5.7,2.6,Moderate
993,994,6.5,3.9,8.2,3.9,1.5,2.82,Moderate
994,995,9.9,1.5,9.0,1.6,2.0,3.44,High
995,996,9.7,0.9,6.6,4.5,2.3,3.5,High
996,997,7.0,2.4,7.2,4.5,2.9,3.0,Moderate
997,998,5.8,1.4,7.0,0.3,9.5,2.49,Low
998,999,7.9,3.5,5.8,3.6,3.2,3.01,High
999,1000,8.5,1.6,7.5,0.0,6.4,3.63,High
1000,1001,8.5,2.6,5.2,2.2,5.5,3.26,High
1001,1002,7.5,3.6,8.6,2.5,1.8,3.19,Moderate
1002,1003,9.0,3.5,7.3,2.0,2.2,3.43,High
1003,1004,8.5,0.3,9.3,2.8,3.1,3.26,High
1004,1005,5.3,2.2,7.1,5.3,4.1,2.9,Low
1005,1006,7.8,0.2,9.9,3.1,3.0,3.07,Moderate
1006,1007,6.5,1.9,9.3,1.8,4.5,2.92,Moderate
1007,1008,6.5,3.1,7.4,1.4,5.6,2.93,Moderate
1008,1009,5.8,1.3,9.7,2.1,5.1,2.87,Low
1009,1010,5.9,3.6,7.3,4.3,2.9,2.95,Low
1010,1011,9.9,0.2,5.5,4.3,4.1,3.32,High
1011,1012,5.2,0.1,8.9,0.8,9.0,2.66,Low
1012,1013,7.3,2.4,7.1,0.2,7.0,3.17,Moderate
1013,1014,7.2,2.1,7.4,2.3,5.0,3.13,Moderate
1014,1015,9.4,3.6,6.7,2.6,1.7,2.81,High
1015,1016,6.4,3.8,5.7,3.5,4.6,3.07,High
1016,1017,6.4,1.1,7.0,6.0,3.5,2.98,Moderate
1017,1018,5.4,0.6,7.2,3.1,7.7,2.68,Low
1018,1019,6.3,1.3,5.4,1.8,9.2,3.1,High
1019,1020,9.5,0.0,9.1,5.1,0.3,3.05,High
1020,1021,5.5,0.6,9.8,3.2,4.9,3.2,Low
1021,1022,8.7,4.0,6.4,2.6,2.3,3.21,High
1022,1023,7.7,1.6,5.8,5.9,3.0,3.15,High
1023,1024,8.0,0.9,7.7,4.2,3.2,3.44,Moderate
1024,1025,7.6,4.0,8.1,1.6,2.7,3.02,Moderate
1025,1026,6.9,1.4,7.2,4.7,3.8,3.14,Moderate
1026,1027,7.4,3.2,7.9,1.9,3.6,2.99,Moderate
1027,1028,6.1,2.0,6.3,0.1,9.5,3.05,Moderate
1028,1029,8.2,2.0,7.2,5.8,0.8,3.45,High
1029,1030,5.7,2.3,9.3,3.5,3.2,2.9,Low
1030,1031,8.6,1.5,5.5,2.7,5.7,3.49,High
1031,1032,6.2,3.9,9.8,1.0,3.1,2.87,Moderate
1032,1033,6.7,3.6,9.8,1.7,2.2,3.06,Moderate
1033,1034,8.4,1.1,8.7,0.3,5.5,2.86,High
1034,1035,5.2,1.5,6.8,1.9,8.6,2.38,Low
1035,1036,6.0,1.2,9.9,2.5,4.4,2.88,Moderate
1036,1037,7.2,2.3,9.9,1.1,3.5,3.31,Moderate
1037,1038,8.0,0.4,8.4,0.4,6.8,3.39,Moderate
1038,1039,8.0,3.0,6.1,5.0,1.9,2.9,Moderate
1039,1040,5.7,3.8,5.4,1.2,7.9,2.81,High
1040,1041,6.7,2.5,7.7,0.8,6.3,2.81,Moderate
1041,1042,6.1,1.6,8.5,1.3,6.5,2.76,Moderate
1042,1043,6.8,1.6,9.9,5.4,0.3,2.89,Moderate
1043,1044,5.3,1.3,6.3,3.0,8.1,2.94,Low
1044,1045,8.9,3.4,9.2,0.9,1.6,3.11,High
1045,1046,5.3,2.8,5.0,2.5,8.4,3.02,High
1046,1047,6.6,2.8,8.8,1.8,4.0,2.87,Moderate
1047,1048,7.2,2.9,8.5,5.3,0.1,3.26,Moderate
1048,1049,6.1,2.6,8.0,5.5,1.8,3.01,Moderate
1049,1050,7.8,1.1,7.4,2.0,5.7,3.04,Moderate
1050,1051,7.9,3.6,7.8,3.0,1.7,3.05,Moderate
1051,1052,6.2,2.0,6.6,1.1,8.1,2.94,Moderate
1052,1053,7.5,1.3,6.3,2.8,6.1,3.21,Moderate
1053,1054,5.5,3.1,9.0,4.6,1.8,2.97,Low
1054,1055,5.6,2.6,9.2,3.5,3.1,2.72,Low
1055,1056,7.6,0.1,8.2,0.5,7.6,3.56,Moderate
1056,1057,7.2,1.2,7.7,0.8,7.1,3.28,Moderate
1057,1058,5.8,0.4,5.7,5.3,6.8,3.0,High
1058,1059,7.6,1.9,5.5,3.9,5.1,3.17,High
1059,1060,8.1,0.3,5.6,0.3,9.7,3.25,High
1060,1061,6.3,0.5,6.3,2.3,8.6,2.97,Moderate
1061,1062,9.2,2.8,5.6,4.4,2.0,3.5,High
1062,1063,6.4,2.6,6.7,6.0,2.3,2.78,Moderate
1063,1064,9.7,0.1,8.5,4.1,1.6,3.26,High
1064,1065,9.2,3.9,9.9,0.1,0.9,3.48,High
1065,1066,8.2,0.5,8.3,5.9,1.1,3.44,High
1066,1067,9.6,1.8,5.2,2.2,5.2,3.55,High
1067,1068,7.3,0.2,7.1,2.8,6.6,3.27,Moderate
1068,1069,9.6,2.6,6.6,2.7,2.5,3.37,High
1069,1070,6.8,2.7,8.3,4.3,1.9,2.58,Moderate
1070,1071,6.3,1.3,5.6,3.9,6.9,2.97,High
1071,1072,9.3,3.6,7.2,1.8,2.1,3.3,High
1072,1073,5.4,2.7,9.1,1.5,5.3,3.04,Low
1073,1074,9.4,1.0,7.8,1.1,4.7,3.36,High
1074,1075,5.5,3.6,9.1,4.4,1.4,2.44,Low
1075,1076,7.7,0.4,8.8,3.5,3.6,3.0,Moderate
1076,1077,5.9,0.8,5.9,0.3,11.1,3.11,High
1077,1078,5.1,0.2,7.9,4.9,5.9,2.82,Low
1078,1079,6.6,1.4,8.0,1.6,6.4,3.23,Moderate
1079,1080,8.7,2.7,6.0,2.1,4.5,3.67,High
1080,1081,5.6,0.5,8.4,5.2,4.3,2.86,Low
1081,1082,5.9,0.4,9.1,3.5,5.1,2.96,Low
1082,1083,8.1,3.1,8.5,3.6,0.7,3.12,High
1083,1084,8.2,1.3,9.8,0.2,4.5,3.38,High
1084,1085,7.9,0.7,8.6,1.1,5.7,3.18,Moderate
1085,1086,9.6,0.8,5.7,4.6,3.3,3.12,High
1086,1087,7.5,3.6,5.7,3.9,3.3,3.01,High
1087,1088,8.4,2.4,8.8,1.4,3.0,3.17,High
1088,1089,7.2,1.6,9.9,1.5,3.8,2.89,Moderate
1089,1090,7.8,1.0,9.6,1.5,4.1,2.9,Moderate
1090,1091,9.5,0.4,8.3,5.3,0.5,3.56,High
1091,1092,8.4,1.2,5.9,1.8,6.7,3.25,High
1092,1093,5.5,0.6,5.5,2.5,9.9,2.74,High
1093,1094,5.7,2.6,6.0,0.6,9.1,2.92,Low
1094,1095,5.8,3.7,9.1,1.9,3.5,2.97,Low
1095,1096,8.4,2.7,8.1,1.3,3.5,3.68,High
1096,1097,5.2,1.8,9.5,3.4,4.1,2.88,Low
1097,1098,8.4,3.9,9.9,1.2,0.6,3.08,High
1098,1099,6.2,3.2,5.5,4.7,4.4,2.89,High
1099,1100,8.2,1.7,7.2,1.9,5.0,3.38,High
1100,1101,8.8,3.7,9.7,0.3,1.5,3.39,High
1101,1102,6.3,0.3,6.3,5.5,5.6,3.06,Moderate
1102,1103,8.2,2.9,6.3,4.3,2.3,3.21,High
1103,1104,8.1,0.6,9.1,1.4,4.8,3.15,High
1104,1105,8.3,1.6,8.0,0.6,5.5,3.4,High
1105,1106,10.0,0.8,6.3,4.0,2.9,3.39,High
1106,1107,9.8,3.7,7.5,2.4,0.6,3.35,High
1107,1108,6.4,3.3,6.9,0.5,6.9,2.9,Moderate
1108,1109,6.7,3.9,8.1,2.2,3.1,2.89,Moderate
1109,1110,5.4,0.2,5.6,3.5,9.3,2.98,High
1110,1111,9.6,2.0,9.2,1.4,1.8,3.64,High
1111,1112,5.9,1.4,8.2,0.4,8.1,3.07,Low
1112,1113,6.8,2.1,10.0,2.4,2.7,2.96,Moderate
1113,1114,9.0,2.4,9.4,1.3,1.9,3.61,High
1114,1115,8.0,2.5,7.1,0.9,5.5,3.13,Moderate
1115,1116,6.1,2.9,6.6,3.0,5.4,3.01,Moderate
1116,1117,5.8,3.8,9.3,4.4,0.7,3.16,Low
1117,1118,5.7,0.0,5.1,3.5,9.7,2.75,High
1118,1119,7.3,2.1,5.0,2.5,7.1,3.0,High
1119,1120,8.7,0.9,9.1,3.1,2.2,3.65,High
1120,1121,6.1,0.9,8.1,5.0,3.9,2.61,Moderate
1121,1122,9.3,2.7,7.2,2.3,2.5,3.29,High
1122,1123,6.0,2.5,6.8,6.0,2.7,2.5,Moderate
1123,1124,7.8,3.7,9.0,1.6,1.9,2.6,Moderate
1124,1125,8.6,2.3,7.5,1.1,4.5,2.97,High
1125,1126,9.6,1.3,9.8,1.8,1.5,3.39,High
1126,1127,8.2,2.2,5.6,2.3,5.7,3.28,High
1127,1128,7.2,3.1,6.1,1.0,6.6,2.92,Moderate
1128,1129,7.0,3.7,8.6,2.0,2.7,2.88,Moderate
1129,1130,9.9,2.7,6.4,2.9,2.1,3.49,High
1130,1131,5.5,3.9,5.9,3.9,4.8,2.99,High
1131,1132,8.9,2.7,8.1,3.8,0.5,3.14,High
1132,1133,5.4,1.3,6.2,5.9,5.2,3.1,Low
1133,1134,8.4,0.8,6.2,1.7,6.9,3.12,High
1134,1135,7.1,0.9,5.1,5.3,5.6,3.05,High
1135,1136,6.7,0.0,8.4,5.0,3.9,3.05,Moderate
1136,1137,5.7,0.6,9.0,3.7,5.0,2.88,Low
1137,1138,6.5,1.5,8.8,4.9,2.3,2.88,Moderate
1138,1139,7.0,3.8,7.0,4.6,1.6,3.24,Moderate
1139,1140,9.5,0.3,9.7,3.7,0.8,3.42,High
1140,1141,9.0,0.8,9.0,4.4,0.8,3.37,High
1141,1142,5.2,0.6,7.7,3.5,7.0,2.77,Low
1142,1143,8.2,0.1,9.8,0.3,5.6,3.37,High
1143,1144,8.3,3.3,5.1,3.3,4.0,3.27,High
1144,1145,7.3,2.0,5.4,4.1,5.2,3.41,High
1145,1146,7.4,0.6,8.2,1.0,6.8,3.11,Moderate
1146,1147,9.4,2.5,5.8,5.8,0.5,3.25,High
1147,1148,8.1,1.0,9.0,4.8,1.1,3.22,High
1148,1149,9.9,2.0,7.3,3.6,1.2,3.51,High
1149,1150,7.7,0.4,7.1,5.1,3.7,2.94,Moderate
1150,1151,9.3,0.4,5.5,1.6,7.2,3.29,High
1151,1152,8.1,1.4,8.9,1.3,4.3,3.27,High
1152,1153,8.2,0.9,8.6,5.2,1.1,3.03,High
1153,1154,7.1,0.6,8.5,4.6,3.2,3.11,Moderate
1154,1155,5.5,2.0,9.1,5.6,1.8,2.95,Low
1155,1156,7.7,1.6,9.2,2.7,2.8,3.16,Moderate
1156,1157,7.4,2.0,9.2,4.5,0.9,2.77,Moderate
1157,1158,7.5,2.3,6.2,4.8,3.2,2.93,Moderate
1158,1159,7.4,1.3,5.5,1.4,8.4,3.09,High
1159,1160,5.8,1.8,6.5,0.2,9.7,2.92,Low
1160,1161,6.6,2.2,7.8,2.1,5.3,3.09,Moderate
1161,1162,6.9,1.0,6.2,2.7,7.2,3.02,Moderate
1162,1163,8.8,0.8,8.5,0.1,5.8,3.61,High
1163,1164,6.7,2.3,6.0,4.5,4.5,2.92,Moderate
1164,1165,5.3,3.4,6.0,5.2,4.1,3.06,Low
1165,1166,6.6,3.6,5.6,1.1,7.1,2.82,High
1166,1167,7.5,0.3,6.0,5.7,4.5,3.11,Moderate
1167,1168,9.6,2.2,6.3,4.1,1.8,3.49,High
1168,1169,8.3,4.0,6.3,3.6,1.8,3.36,High
1169,1170,7.5,1.2,5.8,1.7,7.8,3.25,High
1170,1171,6.9,3.0,7.7,0.5,5.9,3.17,Moderate
1171,1172,8.2,3.2,7.3,1.9,3.4,3.2,High
1172,1173,5.5,3.5,8.9,1.0,5.1,2.3,Low
1173,1174,8.1,3.8,7.9,2.3,1.9,3.72,High
1175,1176,5.7,3.3,5.8,1.8,7.4,3.04,High
1176,1177,6.2,1.5,6.3,2.9,7.1,2.97,Moderate
1177,1178,5.3,0.6,5.3,3.8,9.0,2.79,High
1178,1179,5.3,3.3,7.6,3.2,4.6,2.55,Low
1179,1180,6.0,1.3,8.0,1.3,7.4,2.95,Moderate
1180,1181,5.6,3.9,5.1,4.8,4.6,2.7,High
1181,1182,5.7,0.6,8.5,3.9,5.3,3.05,Low
1182,1183,8.9,3.7,8.5,0.5,2.4,3.46,High
1183,1184,6.0,0.3,8.5,2.4,6.8,2.81,Moderate
1184,1185,9.6,2.6,5.5,5.7,0.6,3.28,High
1185,1186,7.0,0.2,7.5,0.7,8.6,2.81,Moderate
1186,1187,7.0,1.4,8.9,4.8,1.9,2.97,Moderate
1187,1188,6.9,0.6,9.0,4.2,3.3,2.83,Moderate
1188,1189,6.0,1.5,5.5,3.8,7.2,2.8,High
1189,1190,7.9,3.6,7.8,0.8,3.9,3.45,Moderate
1190,1191,6.9,3.4,8.2,3.6,1.9,3.37,Moderate
1191,1192,8.8,2.4,5.8,4.8,2.2,3.38,High
1192,1193,8.6,0.3,7.3,1.0,6.8,3.51,High
1193,1194,8.1,2.7,9.2,0.9,3.1,2.78,High
1194,1195,5.6,3.4,5.8,5.8,3.4,2.84,High
1195,1196,9.9,0.4,6.5,3.8,3.4,3.73,High
1196,1197,6.8,3.7,5.3,3.3,4.9,3.37,High
1197,1198,6.3,1.5,9.2,1.2,5.8,3.15,Moderate
1198,1199,9.1,2.3,8.8,2.7,1.1,3.43,High
1199,1200,9.3,1.7,9.8,1.4,1.8,3.12,High
1200,1201,5.7,1.6,9.8,1.9,5.0,2.72,Low
1201,1202,8.6,1.2,8.9,2.3,3.0,3.24,High
1202,1203,7.4,3.1,6.9,2.7,3.9,2.82,Moderate
1203,1204,7.6,3.2,6.8,3.1,3.3,2.87,Moderate
1204,1205,8.4,1.1,6.4,5.6,2.5,3.37,High
1205,1206,8.2,0.1,8.1,3.1,4.5,3.56,High
1206,1207,7.7,1.4,5.4,1.2,8.3,3.13,High
1207,1208,7.3,0.2,5.2,4.3,7.0,3.21,High
1208,1209,7.7,2.0,6.2,4.5,3.6,3.07,Moderate
1209,1210,7.3,1.1,6.2,3.9,5.5,3.0,Moderate
1210,1211,8.3,3.3,7.1,0.4,4.9,3.56,High
1211,1212,5.0,2.1,5.2,3.4,8.3,2.9,High
1212,1213,9.6,3.9,7.7,1.3,1.5,3.47,High
1213,1214,5.3,1.9,6.2,2.8,7.8,2.87,Low
1214,1215,7.3,2.3,6.8,1.0,6.6,3.35,Moderate
1215,1216,8.3,1.4,9.7,4.2,0.4,3.25,High
1216,1217,6.0,0.2,8.7,5.0,4.1,3.04,Moderate
1217,1218,5.1,1.0,7.3,3.8,6.8,3.24,Low
1218,1219,7.8,3.0,6.4,3.4,3.4,3.14,Moderate
1219,1220,8.8,2.8,10.0,0.7,1.7,3.16,High
1220,1221,7.5,1.3,7.2,5.1,2.9,3.27,Moderate
1221,1222,6.0,3.5,5.3,5.3,3.9,2.97,High
1222,1223,6.6,1.3,7.6,5.6,2.9,2.96,Moderate
1223,1224,9.3,1.6,6.0,2.5,4.6,3.31,High
1224,1225,6.9,3.7,8.8,2.3,2.3,3.03,Moderate
1225,1226,5.3,1.0,7.2,0.9,9.6,2.85,Low
1226,1227,9.7,3.1,6.3,2.9,2.0,3.5,High
1227,1228,9.4,2.1,8.9,2.0,1.6,3.43,High
1228,1229,7.8,0.5,5.6,3.2,6.9,3.36,High
1229,1230,9.8,1.9,5.3,3.3,3.7,3.93,High
1230,1231,9.2,4.0,7.2,1.2,2.4,3.1,High
1231,1232,5.2,1.4,6.3,4.1,7.0,3.12,Low
1232,1233,9.7,1.1,9.1,0.2,3.9,3.3,High
1233,1234,9.7,3.1,8.3,2.4,0.5,3.47,High
1234,1235,8.2,3.9,8.6,3.1,0.2,3.02,High
1235,1236,7.6,0.5,8.0,2.9,5.0,3.15,Moderate
1236,1237,8.1,0.0,6.0,2.9,7.0,3.19,High
1237,1238,7.1,2.9,8.0,1.8,4.2,3.17,Moderate
1238,1239,7.1,0.9,9.8,0.8,5.4,3.01,Moderate
1239,1240,6.1,3.1,6.0,0.5,8.3,2.9,Moderate
1240,1241,7.4,0.0,5.4,4.8,6.4,3.14,High
1241,1242,9.3,2.7,5.3,4.7,2.0,3.41,High
1242,1243,9.2,3.2,7.5,1.0,3.1,3.48,High
1243,1244,9.9,0.6,6.1,1.3,6.1,3.63,High
1244,1245,9.0,0.7,5.3,6.0,3.0,3.56,High
1245,1246,7.8,3.6,9.6,0.0,3.0,3.09,Moderate
1246,1247,5.4,1.0,8.3,5.3,4.0,3.27,Low
1247,1248,5.9,3.2,9.8,1.4,3.7,2.71,Low
1248,1249,7.5,0.3,7.8,3.0,5.4,3.09,Moderate
1249,1250,6.7,2.1,7.9,0.1,7.2,2.78,Moderate
1250,1251,8.8,2.9,6.8,0.3,5.2,3.17,High
1251,1252,5.9,2.3,5.8,2.1,7.9,2.66,High
1252,1253,8.5,2.2,6.9,2.5,3.9,3.25,High
1253,1254,5.4,3.5,5.4,4.2,5.5,2.81,High
1254,1255,9.6,1.1,6.9,3.4,3.0,3.37,High
1255,1256,8.3,1.6,7.4,0.3,6.4,3.29,High
1256,1257,6.0,3.2,7.3,1.8,5.7,3.11,Moderate
1257,1258,8.7,1.1,5.6,1.5,7.1,3.24,High
1258,1259,9.6,2.3,7.7,2.6,1.8,3.67,High
1259,1260,7.6,0.5,5.6,3.2,7.1,3.04,High
1260,1261,9.7,1.2,9.3,2.9,0.9,3.51,High
1261,1262,6.0,1.5,7.5,4.4,4.6,2.8,Moderate
1262,1263,5.6,1.6,7.4,3.2,6.2,2.75,Low
1263,1264,9.0,2.8,7.8,3.1,1.3,3.43,High
1264,1265,7.1,0.6,8.3,3.1,4.9,2.79,Moderate
1265,1266,9.5,2.3,5.4,2.7,4.1,3.67,High
1266,1267,8.8,3.2,7.5,4.0,0.5,3.2,High
1267,1268,9.5,3.6,8.4,2.1,0.4,3.11,High
1268,1269,5.4,3.5,6.6,1.1,7.4,2.72,Low
1269,1270,6.3,1.3,5.7,1.8,8.9,2.65,High
1270,1271,7.9,1.8,6.7,4.5,3.1,3.24,Moderate
1271,1272,6.7,3.0,5.8,0.8,7.7,3.09,High
1272,1273,6.7,3.2,6.2,0.4,7.5,2.74,Moderate
1273,1274,7.8,2.1,8.3,1.4,4.4,3.31,Moderate
1274,1275,9.3,1.2,8.5,0.1,4.9,3.1,High
1275,1276,7.7,0.3,9.0,1.3,5.7,2.9,Moderate
1276,1277,8.4,3.2,7.8,3.4,1.2,3.02,High
1277,1278,9.0,1.2,7.9,4.4,1.5,3.62,High
1278,1279,6.9,1.2,7.3,4.9,3.7,3.05,Moderate
1279,1280,8.3,3.6,5.5,1.4,5.2,3.4,High
1280,1281,8.5,3.3,9.3,1.2,1.7,3.25,High
1281,1282,6.2,1.2,8.9,0.5,7.2,2.76,Moderate
1282,1283,9.1,1.7,8.0,0.5,4.7,3.23,High
1283,1284,9.8,3.2,7.3,0.8,2.9,3.42,High
1284,1285,9.7,1.4,5.8,3.4,3.7,3.67,High
1285,1286,7.4,4.0,8.4,0.3,3.9,3.15,Moderate
1286,1287,10.0,1.6,6.4,3.3,2.7,3.39,High
1287,1288,5.0,1.8,9.2,3.4,4.6,2.7,Low
1288,1289,10.0,1.1,6.4,1.0,5.5,3.4,High
1289,1290,9.0,3.6,9.9,0.3,1.2,3.19,High
1290,1291,9.4,1.3,5.6,5.2,2.5,3.2,High
1291,1292,7.1,1.1,8.7,2.7,4.4,3.15,Moderate
1292,1293,9.9,0.2,6.8,2.9,4.2,3.09,High
1293,1294,8.6,3.5,9.7,1.8,0.4,3.3,High
1294,1295,9.3,2.2,9.1,1.0,2.4,3.07,High
1295,1296,7.3,1.1,9.8,1.8,4.0,2.91,Moderate
1296,1297,5.5,2.1,5.3,0.7,10.4,2.79,High
1297,1298,7.2,3.2,8.7,2.1,2.8,2.78,Moderate
1298,1299,6.7,1.3,8.9,0.3,6.8,2.79,Moderate
1299,1300,6.2,3.7,9.3,3.4,1.4,2.92,Moderate
1300,1301,7.4,2.1,9.9,4.4,0.2,3.23,Moderate
1301,1302,6.0,0.9,8.4,2.4,6.3,2.79,Moderate
1302,1303,9.7,0.4,7.6,5.5,0.8,3.73,High
1303,1304,5.8,3.9,9.6,0.8,3.9,2.57,Low
1304,1305,5.6,0.3,9.5,1.2,7.4,2.57,Low
1305,1306,8.0,0.3,6.1,5.6,4.0,2.76,Moderate
1306,1307,9.5,3.1,5.1,2.0,4.3,3.14,High
1307,1308,9.5,2.5,5.4,5.5,1.1,3.59,High
1308,1309,9.8,0.3,7.7,1.8,4.4,3.23,High
1309,1310,7.9,3.8,7.5,0.4,4.4,3.11,Moderate
1310,1311,8.1,1.4,9.3,2.3,2.9,3.11,High
1311,1312,8.8,1.1,8.8,1.1,4.2,3.22,High
1312,1313,6.6,1.9,9.7,5.4,0.4,2.88,Moderate
1313,1314,5.7,2.0,7.3,5.4,3.6,2.62,Low
1314,1315,9.7,1.5,7.5,4.8,0.5,3.3,High
1315,1316,6.1,0.8,5.2,3.9,8.0,2.56,High
1316,1317,6.3,0.2,6.2,4.8,6.5,2.93,Moderate
1317,1318,7.1,3.9,6.0,1.3,5.7,3.3,Moderate
1318,1319,6.5,0.7,6.9,5.5,4.4,2.71,Moderate
1319,1320,9.7,0.2,6.1,3.4,4.6,3.81,High
1320,1321,8.1,0.2,7.0,3.9,4.8,3.41,High
1321,1322,6.6,0.4,7.1,0.8,9.1,3.27,Moderate
1322,1323,9.7,1.9,6.6,4.4,1.4,3.06,High
1323,1324,9.1,3.5,8.4,0.1,2.9,3.36,High
1324,1325,7.8,3.1,5.7,1.4,6.0,3.14,High
1325,1326,7.2,0.0,9.1,2.2,5.5,3.41,Moderate
1326,1327,7.7,2.7,8.5,4.9,0.2,2.68,Moderate
1327,1328,9.8,2.6,6.5,0.6,4.5,3.62,High
1328,1329,9.2,1.4,8.3,2.4,2.7,3.47,High
1329,1330,5.3,1.7,7.7,2.6,6.7,2.54,Low
1330,1331,8.7,3.3,8.9,0.1,3.0,3.34,High
1331,1332,9.7,3.3,9.2,0.5,1.3,3.18,High
1332,1333,7.1,1.9,5.8,0.2,9.0,3.02,High
1333,1334,9.6,2.3,8.3,3.5,0.3,3.41,High
1334,1335,6.7,2.5,5.2,1.1,8.5,3.11,High
1335,1336,6.8,1.5,7.7,0.0,8.0,3.15,Moderate
1336,1337,6.2,0.8,6.3,4.8,5.9,2.76,Moderate
1337,1338,7.5,3.5,6.2,0.5,6.3,3.0,Moderate
1338,1339,6.8,3.0,7.8,4.9,1.5,2.99,Moderate
1339,1340,5.2,3.9,6.9,0.9,7.1,3.28,Low
1340,1341,8.3,1.1,7.9,3.5,3.2,3.49,High
1341,1342,6.3,1.8,7.7,4.0,4.2,2.91,Moderate
1342,1343,8.9,1.6,8.2,0.8,4.5,3.3,High
1343,1344,8.6,0.1,6.0,2.9,6.4,3.42,High
1344,1345,9.4,2.1,9.6,1.4,1.5,3.2,High
1345,1346,9.0,1.0,9.5,4.1,0.4,3.34,High
1346,1347,9.7,2.1,8.4,3.0,0.8,3.51,High
1347,1348,5.2,2.0,5.8,1.1,9.9,2.58,High
1348,1349,6.8,1.7,8.1,0.4,7.0,2.75,Moderate
1349,1350,7.9,2.5,7.8,4.3,1.5,3.19,Moderate
1350,1351,6.7,3.1,7.2,2.9,4.1,3.24,Moderate
1351,1352,6.5,0.3,5.5,5.5,6.2,3.28,High
1352,1353,8.4,0.5,6.8,3.6,4.7,3.34,High
1353,1354,5.0,0.8,9.8,3.7,4.7,2.69,Low
1354,1355,6.3,0.3,5.1,1.5,10.8,2.9,High
1355,1356,8.6,3.7,7.0,0.9,3.8,3.48,High
1356,1357,7.6,3.6,9.0,0.3,3.5,3.27,Moderate
1357,1358,9.5,0.5,7.7,5.3,1.0,3.78,High
1358,1359,7.1,1.9,5.4,1.7,7.9,3.14,High
1359,1360,6.4,1.8,8.4,1.0,6.4,2.93,Moderate
1360,1361,7.4,3.0,9.3,2.7,1.6,2.95,Moderate
1361,1362,9.7,0.5,8.9,1.3,3.6,3.53,High
1362,1363,9.7,2.9,8.8,0.6,2.0,3.87,High
1363,1364,8.8,0.4,9.8,4.5,0.5,3.12,High
1364,1365,6.4,3.3,7.6,2.8,3.9,3.11,Moderate
1365,1366,8.6,1.6,8.1,4.0,1.7,2.94,High
1366,1367,8.6,0.2,9.3,2.7,3.2,3.11,High
1367,1368,7.4,3.5,6.9,4.5,1.7,2.95,Moderate
1368,1369,5.5,1.9,10.0,4.6,2.0,2.83,Low
1369,1370,6.2,1.6,8.9,4.6,2.7,2.63,Moderate
1370,1371,6.1,3.7,8.0,2.3,3.9,3.41,Moderate
1371,1372,7.8,1.9,7.5,1.1,5.7,3.18,Moderate
1372,1373,9.1,2.2,5.7,4.6,2.4,3.17,High
1373,1374,7.6,0.5,9.7,1.1,5.1,3.07,Moderate
1374,1375,6.3,1.6,6.9,4.8,4.4,2.69,Moderate
1375,1376,6.3,2.0,5.7,3.7,6.3,2.91,High
1376,1377,7.8,2.9,9.7,3.3,0.3,3.09,Moderate
1377,1378,9.5,3.9,9.3,0.1,1.2,3.28,High
1378,1379,9.7,1.7,5.0,2.7,4.9,3.47,High
1379,1380,6.7,1.9,8.1,5.2,2.1,2.88,Moderate
1380,1381,8.3,1.7,9.1,4.4,0.5,3.26,High
1381,1382,6.4,0.2,8.3,5.2,3.9,2.75,Moderate
1382,1383,5.8,3.2,9.3,5.2,0.5,2.96,Low
1383,1384,6.6,2.2,5.3,0.3,9.6,2.94,High
1384,1385,8.6,1.8,6.3,1.1,6.2,3.2,High
1385,1386,7.4,1.4,6.6,5.8,2.8,2.87,Moderate
1386,1387,8.2,0.1,7.2,5.3,3.2,3.12,High
1387,1388,8.8,2.4,7.9,0.3,4.6,3.26,High
1388,1389,5.7,2.5,6.0,3.0,6.8,2.5,Low
1389,1390,9.7,3.4,8.6,0.2,2.1,3.53,High
1390,1391,5.5,2.0,5.8,5.9,4.8,2.82,High
1391,1392,6.8,2.6,5.6,2.6,6.4,2.77,High
1392,1393,6.4,3.6,5.2,5.5,3.3,2.86,High
1393,1394,8.9,0.1,9.8,2.7,2.5,3.51,High
1394,1395,6.5,1.5,5.3,5.9,4.8,3.0,High
1395,1396,7.2,3.8,6.2,3.2,3.6,3.02,Moderate
1396,1397,7.4,2.8,5.3,1.2,7.3,3.25,High
1397,1398,5.9,2.3,6.1,5.2,4.5,2.72,Low
1398,1399,9.7,2.1,6.8,1.3,4.1,3.55,High
1399,1400,9.7,1.6,8.5,2.1,2.1,3.87,High
1400,1401,7.6,1.1,7.3,2.8,5.2,3.2,Moderate
1401,1402,6.6,0.2,7.5,3.3,6.4,3.02,Moderate
1402,1403,5.8,3.0,9.9,5.0,0.3,2.93,Low
1403,1404,8.5,1.8,7.7,5.1,0.9,3.23,High
1404,1405,7.4,1.5,7.5,3.5,4.1,3.33,Moderate
1405,1406,5.5,2.4,5.6,0.5,10.0,3.11,High
1406,1407,7.6,1.6,7.9,0.5,6.4,2.89,Moderate
1407,1408,9.9,2.2,8.4,1.1,2.4,3.43,High
1408,1409,5.5,3.9,6.4,2.5,5.7,2.8,Low
1409,1410,9.1,2.1,6.4,0.4,6.0,3.37,High
1410,1411,5.8,3.6,8.4,1.5,4.7,2.91,Low
1411,1412,7.9,1.6,6.8,1.3,6.4,3.1,Moderate
1412,1413,8.3,3.9,5.9,3.5,2.4,2.95,High
1413,1414,6.3,3.3,7.4,3.3,3.7,2.52,Moderate
1414,1415,6.5,0.7,5.4,4.3,7.1,3.1,High
1415,1416,7.0,1.7,7.3,2.2,5.8,2.85,Moderate
1416,1417,5.5,1.2,8.3,4.0,5.0,2.76,Low
1417,1418,6.0,0.8,5.1,5.4,6.7,2.54,High
1418,1419,6.1,0.9,6.4,0.8,9.8,2.79,Moderate
1419,1420,5.7,2.6,6.7,4.2,4.8,2.9,Low
1420,1421,7.8,1.0,8.3,0.7,6.2,2.69,Moderate
1421,1422,6.3,2.4,9.4,5.9,0.0,3.22,Moderate
1422,1423,8.0,1.6,6.1,1.5,6.8,2.75,Moderate
1423,1424,9.6,1.5,6.9,2.3,3.7,3.37,High
1424,1425,9.2,2.6,8.1,1.4,2.7,3.39,High
1425,1426,7.0,2.0,8.3,0.1,6.6,3.27,Moderate
1426,1427,9.4,1.8,6.7,0.8,5.3,3.37,High
1427,1428,7.0,2.7,7.1,5.8,1.4,2.47,Moderate
1428,1429,8.0,3.2,5.5,2.4,4.9,3.36,High
1429,1430,9.3,0.3,5.4,5.1,3.9,3.02,High
1430,1431,6.1,2.7,7.7,5.0,2.5,3.04,Moderate
1431,1432,7.1,1.3,8.0,5.6,2.0,3.08,Moderate
1432,1433,9.2,4.0,5.1,0.6,5.1,3.62,High
1433,1434,6.4,1.0,8.9,0.3,7.4,3.04,Moderate
1434,1435,6.8,2.0,7.8,4.4,3.0,3.27,Moderate
1435,1436,7.9,2.2,8.2,1.5,4.2,2.87,Moderate
1436,1437,5.4,0.5,6.1,3.0,9.0,2.91,Low
1437,1438,8.9,1.4,7.0,2.4,4.3,3.5,High
1438,1439,6.0,0.2,8.0,5.9,3.9,2.76,Moderate
1439,1440,9.1,2.8,9.7,1.0,1.4,3.53,High
1440,1441,8.3,1.9,8.2,2.5,3.1,3.25,High
1441,1442,7.6,3.2,8.7,3.0,1.5,2.86,Moderate
1442,1443,5.6,2.9,7.5,5.4,2.6,2.98,Low
1443,1444,5.7,3.0,5.0,1.0,9.3,2.42,High
1444,1445,7.9,2.9,9.6,2.5,1.1,2.99,Moderate
1445,1446,5.0,0.5,7.7,4.1,6.7,3.07,Low
1446,1447,7.1,2.9,7.6,0.4,6.0,3.15,Moderate
1447,1448,8.6,3.6,5.6,5.9,0.3,3.21,High
1448,1449,6.0,0.0,10.0,1.7,6.3,2.7,Moderate
1449,1450,7.9,3.6,6.6,4.0,1.9,3.29,Moderate
1450,1451,5.9,2.5,6.7,1.3,7.6,2.7,Low
1451,1452,9.5,1.6,6.2,2.7,4.0,3.32,High
1452,1453,6.6,3.0,9.9,2.0,2.5,3.03,Moderate
1453,1454,5.8,2.8,7.6,3.9,3.9,3.09,Low
1454,1455,9.4,1.8,9.5,2.5,0.8,3.91,High
1455,1456,6.6,3.9,8.3,0.2,5.0,2.93,Moderate
1456,1457,6.6,2.5,5.3,0.1,9.5,2.6,High
1457,1458,7.2,1.1,5.8,4.1,5.8,2.96,High
1458,1459,7.6,0.8,6.6,3.6,5.4,3.3,Moderate
1459,1460,8.6,2.7,7.4,3.4,1.9,3.45,High
1460,1461,5.2,2.5,8.9,3.0,4.4,2.51,Low
1461,1462,8.2,2.8,9.4,1.2,2.4,3.06,High
1462,1463,8.8,2.2,9.4,1.9,1.7,3.85,High
1463,1464,8.7,3.9,5.4,0.3,5.7,3.42,High
1464,1465,9.7,2.1,8.1,2.0,2.1,3.49,High
1465,1466,8.7,1.2,6.5,5.0,2.6,3.25,High
1466,1467,5.4,3.5,6.3,3.6,5.2,2.85,Low
1467,1468,7.1,2.8,6.7,1.7,5.7,3.16,Moderate
1468,1469,10.0,3.0,8.2,1.0,1.8,3.81,High
1469,1470,7.7,3.4,5.2,2.2,5.5,3.22,High
1470,1471,6.2,1.8,5.4,5.7,4.9,2.98,High
1471,1472,7.8,3.7,5.0,4.5,3.0,3.16,High
1472,1473,9.5,0.6,5.5,2.5,5.9,3.44,High
1473,1474,7.6,0.6,5.0,4.9,5.9,3.29,High
1474,1475,5.4,2.5,9.6,1.3,5.2,2.69,Low
1475,1476,8.0,0.7,8.7,1.8,4.8,3.25,Moderate
1476,1477,7.3,2.4,5.9,4.4,4.0,3.3,High
1477,1478,5.8,2.8,5.6,2.6,7.2,2.62,High
1478,1479,6.2,3.0,6.3,5.3,3.2,2.91,Moderate
1479,1480,8.1,0.4,7.0,4.3,4.2,3.24,High
1480,1481,8.3,2.5,6.4,2.3,4.5,3.31,High
1481,1482,7.5,2.8,6.2,1.9,5.6,3.02,Moderate
1482,1483,6.7,0.1,6.7,4.8,5.7,3.01,Moderate
1483,1484,7.3,0.1,9.4,0.1,7.1,3.29,Moderate
1484,1485,9.7,2.0,6.7,5.2,0.4,3.47,High
1485,1486,7.7,0.9,7.1,3.9,4.4,3.08,Moderate
1486,1487,8.6,0.0,9.7,0.9,4.8,3.14,High
1487,1488,5.2,0.5,9.9,1.9,6.5,2.61,Low
1488,1489,5.6,0.4,8.6,5.1,4.3,2.81,Low
1489,1490,6.1,2.1,6.3,5.6,3.9,2.73,Moderate
1490,1491,9.5,2.3,6.8,2.1,3.3,3.74,High
1491,1492,7.3,3.4,9.7,1.2,2.4,2.97,Moderate
1492,1493,7.8,0.4,6.0,2.5,7.3,3.24,Moderate
1493,1494,5.8,1.8,8.0,4.2,4.2,2.82,Low
1494,1495,6.9,3.5,7.8,2.5,3.3,3.02,Moderate
1495,1496,9.1,2.5,9.2,1.6,1.6,3.22,High
1496,1497,5.6,0.1,6.5,4.2,7.6,2.71,Low
1497,1498,7.5,1.7,7.1,1.4,6.3,3.32,Moderate
1498,1499,5.7,0.8,5.3,1.2,11.0,2.74,High
1499,1500,6.8,0.0,9.2,0.2,7.8,2.8,Moderate
1500,1501,9.7,3.6,7.7,1.6,1.4,3.22,High
1501,1502,8.2,0.2,5.3,2.7,7.6,3.55,High
1502,1503,7.7,3.6,5.5,4.9,2.3,3.06,High
1503,1504,6.6,1.6,5.8,3.0,7.0,2.73,High
1504,1505,9.0,1.8,7.5,4.8,0.9,3.33,High
1505,1506,6.3,3.5,7.9,1.3,5.0,3.32,Moderate
1506,1507,6.3,3.2,5.2,6.0,3.3,3.0,High
1507,1508,7.0,2.0,9.4,2.3,3.3,2.98,Moderate
1508,1509,7.7,0.2,5.0,1.5,9.6,3.0,High
1509,1510,5.6,1.6,8.2,4.3,4.3,2.91,Low
1510,1511,5.9,0.3,9.7,1.6,6.5,2.76,Low
1511,1512,9.1,3.1,8.0,1.3,2.5,3.46,High
1512,1513,6.3,0.5,7.5,3.5,6.2,2.87,Moderate
1513,1514,6.8,2.6,9.5,0.8,4.3,2.58,Moderate
1514,1515,6.9,0.6,8.1,4.4,4.0,3.0,Moderate
1515,1516,9.8,0.3,8.0,0.3,5.6,3.53,High
1516,1517,9.5,2.1,8.3,3.4,0.7,3.35,High
1517,1518,5.6,1.9,8.0,0.2,8.3,2.99,Low
1518,1519,6.4,0.1,7.1,5.4,5.0,2.72,Moderate
1519,1520,9.6,3.0,8.7,1.9,0.8,3.45,High
1520,1521,6.0,0.8,8.4,1.3,7.5,3.19,Moderate
1521,1522,8.9,1.8,9.0,3.6,0.7,3.27,High
1522,1523,8.3,0.9,6.4,1.9,6.5,3.18,High
1523,1524,6.0,1.8,9.5,0.6,6.1,2.78,Moderate
1524,1525,8.6,2.7,5.5,5.5,1.7,2.9,High
1525,1526,8.8,1.0,8.5,0.2,5.5,3.52,High
1526,1527,9.2,1.8,8.2,1.1,3.7,3.6,High
1527,1528,7.4,2.5,7.3,5.4,1.4,3.25,Moderate
1528,1529,7.5,3.4,9.0,1.7,2.4,3.03,Moderate
1529,1530,9.1,0.9,7.6,4.8,1.6,3.08,High
1530,1531,6.8,2.6,6.2,0.7,7.7,3.0,Moderate
1531,1532,6.4,3.4,6.7,5.8,1.7,2.98,Moderate
1532,1533,9.9,1.1,5.2,4.2,3.6,3.3,High
1533,1534,8.5,0.1,9.4,0.8,5.2,3.25,High
1534,1535,5.6,0.7,9.8,4.2,3.7,2.75,Low
1535,1536,6.7,0.9,7.4,3.3,5.7,3.26,Moderate
1536,1537,8.2,1.0,9.7,0.9,4.2,2.81,High
1537,1538,7.2,2.3,7.2,2.5,4.8,3.03,Moderate
1538,1539,8.7,2.7,9.2,0.8,2.6,3.58,High
1539,1540,6.8,1.9,6.6,0.9,7.8,3.38,Moderate
1540,1541,6.1,0.4,8.4,4.0,5.1,2.88,Moderate
1541,1542,7.9,3.9,7.7,4.1,0.4,3.4,Moderate
1542,1543,5.4,0.8,7.2,3.5,7.1,2.71,Low
1543,1544,9.0,2.4,6.0,3.0,3.6,3.32,High
1544,1545,8.7,3.1,7.5,1.4,3.3,2.99,High
1545,1546,8.7,1.0,5.9,3.2,5.2,3.17,High
1546,1547,6.4,2.5,5.6,3.9,5.6,2.89,High
1547,1548,8.9,2.4,9.9,1.0,1.8,3.44,High
1548,1549,8.4,0.3,7.0,5.8,2.5,2.9,High
1549,1550,5.6,2.8,8.2,2.2,5.2,2.91,Low
1550,1551,9.8,0.1,6.5,5.5,2.1,3.24,High
1551,1552,7.7,3.3,5.5,5.7,1.8,2.99,High
1552,1553,9.0,0.7,8.6,2.2,3.5,3.62,High
1553,1554,9.8,0.5,7.1,2.9,3.7,3.38,High
1554,1555,6.9,1.5,5.3,4.1,6.2,2.77,High
1555,1556,9.1,3.2,7.4,1.3,3.0,3.31,High
1556,1557,8.2,1.2,6.2,4.4,4.0,3.08,High
1557,1558,6.2,3.7,7.6,2.2,4.3,2.84,Moderate
1558,1559,9.4,1.6,6.7,1.2,5.1,3.11,High
1559,1560,8.4,1.2,7.9,0.4,6.1,3.06,High
1560,1561,6.0,1.6,9.7,2.3,4.4,2.66,Moderate
1561,1562,5.6,0.2,6.5,0.9,10.8,3.0,Low
1562,1563,5.9,3.0,5.1,3.3,6.7,2.91,High
1563,1564,7.8,1.3,6.5,4.4,4.0,2.69,Moderate
1564,1565,9.4,0.8,5.5,5.4,2.9,3.55,High
1565,1566,6.8,0.5,7.9,3.2,5.6,2.61,Moderate
1566,1567,6.0,1.8,9.0,3.5,3.7,2.92,Moderate
1567,1568,8.5,3.2,8.1,0.6,3.6,3.09,High
1568,1569,8.6,2.7,5.1,2.5,5.1,3.54,High
1569,1570,6.1,2.4,9.6,4.7,1.2,2.67,Moderate
1570,1571,9.6,3.9,5.1,3.4,2.0,3.65,High
1571,1572,6.3,3.9,8.1,4.5,1.2,2.89,Moderate
1572,1573,5.4,0.7,8.8,0.1,9.0,2.57,Low
1573,1574,8.1,2.8,6.7,0.6,5.8,3.5,High
1574,1575,5.3,2.4,7.6,4.5,4.2,2.25,Low
1575,1576,7.0,0.1,6.7,5.9,4.3,3.12,Moderate
1576,1577,9.4,1.3,7.9,4.6,0.8,3.34,High
1577,1578,5.4,2.0,9.8,4.2,2.6,2.8,Low
1578,1579,5.4,0.8,8.9,5.0,3.9,3.12,Low
1579,1580,5.1,3.3,8.9,1.6,5.1,3.02,Low
1580,1581,8.5,0.9,5.2,1.2,8.2,3.17,High
1581,1582,7.1,2.0,7.4,1.6,5.9,2.86,Moderate
1582,1583,5.1,2.4,7.0,1.8,7.7,2.84,Low
1583,1584,9.3,2.0,5.7,4.2,2.8,3.51,High
1584,1585,6.0,1.8,5.3,5.0,5.9,2.88,High
1585,1586,8.7,2.5,9.0,1.6,2.2,3.53,High
1586,1587,8.9,1.8,9.7,1.8,1.8,3.63,High
1587,1588,9.1,2.2,5.9,2.8,4.0,3.33,High
1588,1589,9.8,3.0,9.1,0.1,2.0,3.9,High
1589,1590,9.2,0.2,9.3,2.9,2.4,3.29,High
1590,1591,6.0,1.3,6.4,3.2,7.1,2.84,Moderate
1591,1592,6.2,1.8,7.6,4.6,3.8,2.98,Moderate
1592,1593,7.2,3.2,8.1,0.6,4.9,3.04,Moderate
1593,1594,7.0,3.0,7.9,2.3,3.8,2.81,Moderate
1594,1595,5.9,0.9,7.9,2.5,6.8,2.63,Low
1595,1596,8.3,3.4,6.3,2.9,3.1,3.26,High
1596,1597,9.9,1.3,8.0,0.4,4.4,3.33,High
1597,1598,9.8,2.9,8.9,1.7,0.7,3.51,High
1598,1599,7.9,1.8,9.3,4.8,0.2,3.34,Moderate
1599,1600,7.9,2.2,7.3,1.3,5.3,3.18,Moderate
1600,1601,5.0,1.0,7.5,2.3,8.2,2.82,Low
1601,1602,6.8,1.8,5.7,0.3,9.4,3.01,High
1602,1603,8.9,2.3,8.8,0.6,3.4,3.02,High
1603,1604,6.1,0.0,5.7,1.9,10.3,3.01,High
1604,1605,5.6,3.9,6.5,0.8,7.2,2.92,Low
1605,1606,5.3,3.4,9.8,1.4,4.1,2.53,Low
1606,1607,7.3,0.1,8.2,2.5,5.9,2.92,Moderate
1607,1608,8.3,1.7,5.9,4.1,4.0,3.11,High
1608,1609,7.8,3.4,5.6,4.7,2.5,3.02,High
1609,1610,8.5,1.8,9.7,0.6,3.4,3.34,High
1610,1611,8.2,1.5,9.8,1.5,3.0,3.4,High
1611,1612,10.0,1.0,7.2,3.0,2.8,3.37,High
1612,1613,6.5,0.1,6.1,1.7,9.6,2.72,Moderate
1613,1614,9.4,2.8,5.4,3.9,2.5,3.37,High
1614,1615,8.3,3.8,5.0,1.5,5.4,3.43,High
1615,1616,5.5,2.1,6.2,1.1,9.1,2.98,Low
1616,1617,9.1,0.5,7.3,5.6,1.5,3.37,High
1617,1618,5.9,1.3,7.1,1.9,7.8,2.91,Low
1618,1619,6.4,3.9,5.8,4.4,3.5,2.91,High
1619,1620,5.9,2.6,8.6,4.1,2.8,2.98,Low
1620,1621,6.6,1.0,9.8,5.5,1.1,3.23,Moderate
1621,1622,7.3,1.7,5.8,2.6,6.6,3.07,High
1622,1623,7.7,0.1,7.2,4.7,4.3,3.37,Moderate
1623,1624,9.5,0.1,7.8,4.7,1.9,3.71,High
1624,1625,7.7,1.3,5.7,5.3,4.0,3.36,High
1625,1626,7.9,2.7,9.0,2.9,1.5,3.17,Moderate
1626,1627,7.0,2.1,9.0,2.2,3.7,2.89,Moderate
1627,1628,9.6,0.4,8.2,2.4,3.4,3.4,High
1628,1629,7.0,2.7,5.3,3.6,5.4,3.17,High
1629,1630,5.9,3.6,8.3,5.3,0.9,2.99,Low
1630,1631,7.4,2.2,9.6,4.3,0.5,2.77,Moderate
1631,1632,7.0,1.6,6.4,1.6,7.4,2.97,Moderate
1632,1633,9.3,0.3,8.4,1.0,5.0,3.29,High
1633,1634,6.3,3.1,9.4,1.2,4.0,2.91,Moderate
1634,1635,7.3,1.9,9.4,4.1,1.3,3.51,Moderate
1635,1636,9.2,0.0,7.0,5.4,2.4,3.41,High
1636,1637,8.7,2.2,7.6,1.9,3.6,3.73,High
1637,1638,7.1,2.9,9.3,0.7,4.0,3.12,Moderate
1638,1639,7.3,1.6,8.4,1.5,5.2,3.27,Moderate
1639,1640,7.1,3.6,10.0,0.4,2.9,3.13,Moderate
1640,1641,6.2,3.8,9.8,0.4,3.8,3.17,Moderate
1641,1642,5.1,2.4,6.4,5.2,4.9,2.77,Low
1642,1643,6.4,2.7,8.4,1.3,5.2,2.94,Moderate
1643,1644,6.4,3.2,9.0,2.5,2.9,2.87,Moderate
1644,1645,8.0,2.4,9.1,1.9,2.6,3.01,Moderate
1645,1646,7.7,1.8,7.2,0.5,6.8,2.97,Moderate
1646,1647,8.6,0.9,6.0,2.5,6.0,3.38,High
1647,1648,6.9,1.8,7.7,1.2,6.4,2.75,Moderate
1648,1649,5.8,3.5,7.2,2.5,5.0,2.87,Low
1649,1650,7.8,2.2,8.5,1.0,4.5,3.06,Moderate
1650,1651,6.3,3.2,9.7,0.7,4.1,2.65,Moderate
1651,1652,5.3,1.3,5.7,4.3,7.4,2.79,High
1652,1653,7.7,0.6,5.0,4.8,5.9,3.23,High
1653,1654,6.7,2.3,6.6,0.5,7.9,2.77,Moderate
1654,1655,6.1,0.8,7.1,3.9,6.1,3.4,Moderate
1655,1656,9.8,2.4,7.4,2.5,1.9,3.56,High
1656,1657,9.6,3.3,6.6,1.1,3.4,3.45,High
1657,1658,8.7,2.0,5.3,4.3,3.7,2.96,High
1658,1659,9.0,1.2,8.3,2.3,3.2,3.74,High
1659,1660,9.4,2.0,6.6,4.5,1.5,3.46,High
1660,1661,6.1,1.6,9.3,4.3,2.7,2.65,Moderate
1661,1662,6.8,1.1,5.9,4.5,5.7,2.93,High
1662,1663,6.3,1.8,6.9,5.9,3.1,2.8,Moderate
1663,1664,5.4,2.4,8.0,2.5,5.7,2.77,Low
1664,1665,7.2,0.2,7.6,3.0,6.0,2.83,Moderate
1665,1666,6.3,0.7,9.8,5.1,2.1,3.03,Moderate
1666,1667,6.2,1.3,6.0,3.0,7.5,3.12,Moderate
1667,1668,5.8,3.2,9.0,0.8,5.2,2.88,Low
1668,1669,7.0,0.7,6.3,1.6,8.4,2.63,Moderate
1669,1670,9.7,0.5,9.9,0.9,3.0,3.72,High
1670,1671,8.9,1.4,5.7,5.1,2.9,3.55,High
1671,1672,7.8,1.9,7.5,4.4,2.4,2.91,Moderate
1672,1673,5.4,2.7,9.5,0.3,6.1,2.9,Low
1673,1674,7.2,1.6,5.7,3.0,6.5,2.94,High
1674,1675,5.6,1.9,8.8,1.5,6.2,2.89,Low
1675,1676,8.4,3.4,7.1,3.9,1.2,3.26,High
1676,1677,5.2,0.5,6.0,2.4,9.9,2.69,Low
1677,1678,8.3,2.8,7.9,1.8,3.2,3.44,High
1678,1679,7.9,1.4,5.4,6.0,3.3,3.11,High
1679,1680,8.3,1.3,7.0,1.6,5.8,3.39,High
1680,1681,6.7,1.6,8.6,3.1,4.0,3.54,Moderate
1681,1682,9.6,0.2,7.9,5.1,1.2,3.46,High
1682,1683,6.2,3.5,5.1,4.4,4.8,2.97,High
1683,1684,7.2,0.2,9.6,2.8,4.2,3.19,Moderate
1684,1685,5.1,2.8,7.4,0.7,8.0,3.15,Low
1685,1686,7.5,3.3,9.3,2.4,1.5,3.36,Moderate
1686,1687,5.1,2.8,7.1,3.4,5.6,2.5,Low
1687,1688,9.6,0.5,8.4,0.0,5.5,3.7,High
1688,1689,9.6,0.5,5.5,2.0,6.4,3.19,High
1689,1690,7.9,1.8,5.2,1.9,7.2,3.07,High
1690,1691,9.1,2.8,8.6,2.4,1.1,3.24,High
1691,1692,6.4,3.3,9.9,2.2,2.2,2.9,Moderate
1692,1693,5.0,0.6,6.6,3.5,8.3,2.89,Low
1693,1694,8.9,3.0,8.0,2.6,1.5,3.29,High
1694,1695,8.2,2.5,7.8,5.4,0.1,3.4,High
1695,1696,9.4,0.9,5.4,2.9,5.4,3.56,High
1696,1697,7.6,3.3,7.2,3.4,2.5,3.03,Moderate
1697,1698,8.1,3.3,5.8,3.6,3.2,3.22,High
1698,1699,8.0,0.7,5.6,5.9,3.8,2.93,High
1699,1700,5.9,2.7,8.0,3.9,3.5,2.78,Low
1700,1701,5.4,3.6,6.9,1.9,6.2,2.35,Low
1701,1702,9.3,3.7,6.5,3.9,0.6,3.24,High
1702,1703,8.9,3.7,6.2,3.0,2.2,3.49,High
1703,1704,5.0,2.3,6.7,1.9,8.1,2.64,Low
1704,1705,8.2,3.4,8.0,3.8,0.6,3.26,High
1705,1706,7.3,0.0,7.8,4.0,4.9,2.75,Moderate
1706,1707,8.0,2.9,7.9,0.3,4.9,3.25,Moderate
1707,1708,6.4,0.3,7.1,3.3,6.9,2.77,Moderate
1708,1709,6.6,2.9,8.2,2.0,4.3,3.14,Moderate
1709,1710,8.2,2.2,5.1,4.2,4.3,3.48,High
1710,1711,6.9,3.8,9.1,2.5,1.7,2.88,Moderate
1711,1712,6.7,1.9,6.5,3.1,5.8,2.87,Moderate
1712,1713,5.8,3.9,5.5,5.6,3.2,2.88,High
1713,1714,8.6,1.7,8.2,1.9,3.6,3.46,High
1714,1715,6.5,2.3,7.5,3.5,4.2,2.8,Moderate
1716,1717,5.5,3.3,5.2,4.0,6.0,2.95,High
1717,1718,7.4,1.2,7.6,2.3,5.5,3.03,Moderate
1718,1719,7.8,0.5,10.0,2.4,3.3,3.43,Moderate
1719,1720,6.8,3.3,7.3,4.3,2.3,2.83,Moderate
1720,1721,5.5,3.4,8.7,1.3,5.1,2.74,Low
1721,1722,9.9,1.0,7.3,0.2,5.6,3.32,High
1722,1723,7.0,2.3,9.8,2.5,2.4,3.09,Moderate
1723,1724,5.2,1.3,7.9,5.7,3.9,3.04,Low
1724,1725,9.3,0.9,6.1,1.2,6.5,3.29,High
1725,1726,7.5,1.9,6.3,3.0,5.3,3.4,Moderate
1726,1727,5.2,0.5,9.4,4.5,4.4,2.9,Low
1727,1728,6.8,3.0,8.9,4.0,1.3,2.49,Moderate
1728,1729,8.6,0.8,6.7,2.8,5.1,3.52,High
1729,1730,6.6,0.6,7.0,5.9,3.9,2.83,Moderate
1730,1731,6.1,2.4,7.2,0.4,7.9,3.29,Moderate
1731,1732,7.6,3.5,6.4,0.5,6.0,3.12,Moderate
1732,1733,9.7,1.5,7.9,3.9,1.0,3.69,High
1733,1734,5.7,1.2,5.7,4.9,6.5,2.66,High
1734,1735,6.1,2.9,9.7,2.8,2.5,2.5,Moderate
1735,1736,6.6,1.9,8.0,5.9,1.6,3.41,Moderate
1736,1737,9.7,3.4,9.4,0.7,0.8,3.6,High
1737,1738,7.0,3.8,7.1,3.6,2.5,3.11,Moderate
1738,1739,8.5,3.8,6.2,4.1,1.4,2.93,High
1739,1740,8.9,2.2,8.3,1.5,3.1,3.37,High
1740,1741,7.4,2.5,7.0,1.2,5.9,3.11,Moderate
1741,1742,8.7,1.6,6.8,2.4,4.5,3.42,High
1742,1743,7.0,2.2,7.7,3.0,4.1,3.05,Moderate
1743,1744,5.8,0.5,9.7,3.6,4.4,2.65,Low
1744,1745,8.3,1.6,9.5,2.9,1.7,3.12,High
1745,1746,9.8,3.3,9.3,0.3,1.3,3.73,High
1746,1747,6.4,1.1,6.4,5.1,5.0,2.79,Moderate
1747,1748,6.2,3.2,7.8,0.0,6.8,2.8,Moderate
1748,1749,7.1,1.6,5.6,4.1,5.6,3.28,High
1749,1750,8.6,0.0,9.8,4.6,1.0,3.48,High
1750,1751,9.5,0.1,9.7,3.8,0.9,3.57,High
1751,1752,9.7,1.8,8.0,2.1,2.4,3.82,High
1752,1753,9.7,0.3,7.5,4.1,2.4,3.53,High
1753,1754,9.5,3.8,5.3,2.2,3.2,3.7,High
1754,1755,5.1,1.3,7.7,5.5,4.4,2.8,Low
1755,1756,7.7,1.1,9.5,5.3,0.4,2.99,Moderate
1756,1757,7.0,3.6,6.9,4.4,2.1,2.84,Moderate
1757,1758,9.6,1.8,8.7,1.4,2.5,3.43,High
1758,1759,5.1,0.4,7.5,4.1,6.9,3.01,Low
1759,1760,8.5,2.8,7.5,4.8,0.4,3.06,High
1760,1761,7.4,1.8,6.0,1.8,7.0,3.13,Moderate
1761,1762,6.2,1.2,8.9,2.0,5.7,2.85,Moderate
1762,1763,6.2,0.7,8.9,0.8,7.4,3.02,Moderate
1763,1764,8.4,2.5,9.1,0.2,3.8,2.65,High
1764,1765,6.5,1.1,5.7,1.7,9.0,3.02,High
1765,1766,8.3,1.5,8.6,1.9,3.7,2.86,High
1766,1767,6.5,2.2,5.1,0.5,9.7,3.1,High
1767,1768,8.6,0.4,9.2,4.2,1.6,3.27,High
1768,1769,8.1,3.3,7.0,1.2,4.4,3.8,High
1769,1770,7.7,2.3,9.7,3.9,0.4,3.3,Moderate
1770,1771,9.4,3.2,9.7,0.2,1.5,3.4,High
1771,1772,9.2,2.0,8.7,0.6,3.5,3.03,High
1772,1773,6.3,2.9,5.8,2.1,6.9,2.78,High
1773,1774,8.5,1.5,7.8,0.6,5.6,3.02,High
1774,1775,9.0,1.5,8.2,3.8,1.5,3.41,High
1775,1776,8.1,1.7,5.9,5.7,2.6,3.17,High
1776,1777,8.8,0.8,6.7,4.9,2.8,3.53,High
1777,1778,7.2,2.9,6.9,1.3,5.7,3.23,Moderate
1778,1779,8.2,3.9,6.6,2.4,2.9,3.32,High
1779,1780,9.2,3.0,5.3,6.0,0.5,3.77,High
1780,1781,8.8,3.5,8.3,2.9,0.5,3.26,High
1781,1782,9.4,0.8,5.4,4.7,3.7,3.25,High
1782,1783,9.2,0.7,9.3,3.3,1.5,3.64,High
1783,1784,7.1,0.8,6.4,3.0,6.7,3.08,Moderate
1784,1785,7.7,3.2,9.0,2.4,1.7,3.03,Moderate
1785,1786,5.3,3.5,5.4,1.5,8.3,2.91,High
1786,1787,8.5,1.6,9.4,1.3,3.2,2.9,High
1787,1788,7.7,3.5,9.6,0.9,2.3,3.39,Moderate
1788,1789,7.3,2.2,9.7,4.8,0.0,3.25,Moderate
1789,1790,6.9,0.0,5.0,2.8,9.3,2.85,High
1790,1791,7.4,0.1,8.4,1.8,6.3,2.75,Moderate
1791,1792,5.8,1.6,6.2,3.2,7.2,2.98,Low
1792,1793,6.0,2.0,5.8,4.0,6.2,2.81,High
1793,1794,7.3,0.3,8.0,1.6,6.8,3.15,Moderate
1794,1795,7.6,2.1,9.6,2.6,2.1,2.78,Moderate
1795,1796,9.7,3.1,6.4,4.1,0.7,3.76,High
1796,1797,7.2,3.3,9.1,0.8,3.6,2.87,Moderate
1797,1798,6.5,1.2,8.6,1.4,6.3,3.18,Moderate
1798,1799,5.0,2.9,5.9,0.6,9.6,2.63,High
1799,1800,7.4,0.2,9.9,4.3,2.2,2.84,Moderate
1800,1801,6.6,1.3,7.2,3.8,5.1,2.93,Moderate
1801,1802,9.3,1.0,6.9,5.2,1.6,3.32,High
1802,1803,8.3,1.4,8.4,0.1,5.8,3.23,High
1803,1804,9.1,3.8,9.6,1.4,0.1,3.71,High
1804,1805,7.6,1.4,7.3,4.1,3.6,3.09,Moderate
1805,1806,9.6,3.3,9.9,1.1,0.1,3.5,High
1806,1807,6.4,0.4,5.6,1.7,9.9,3.21,High
1807,1808,9.5,2.5,5.0,1.1,5.9,3.52,High
1808,1809,5.5,1.5,7.5,0.3,9.2,2.61,Low
1809,1810,8.2,1.9,7.5,2.6,3.8,3.13,High
1810,1811,9.8,0.9,7.6,4.2,1.5,3.62,High
1811,1812,6.9,1.9,5.4,3.7,6.1,3.05,High
1812,1813,6.4,0.6,7.7,3.2,6.1,3.0,Moderate
1813,1814,8.1,0.8,7.3,4.3,3.5,3.12,High
1814,1815,7.6,1.6,6.6,3.7,4.5,3.18,Moderate
1815,1816,5.4,1.8,9.5,0.6,6.7,2.9,Low
1816,1817,9.9,3.8,5.4,4.6,0.3,3.69,High
1817,1818,7.1,1.8,8.2,4.6,2.3,2.98,Moderate
1818,1819,5.2,2.4,5.9,2.1,8.4,2.69,High
1819,1820,6.7,0.4,5.7,0.2,11.0,2.58,High
1820,1821,7.4,3.8,5.6,5.7,1.5,3.27,High
1821,1822,8.2,3.3,5.5,3.0,4.0,3.5,High
1822,1823,8.5,2.3,9.2,0.3,3.7,3.34,High
1823,1824,6.9,1.4,8.1,5.3,2.3,3.42,Moderate
1824,1825,7.5,3.3,7.0,0.6,5.6,2.82,Moderate
1825,1826,8.6,3.0,5.3,1.3,5.8,3.06,High
1826,1827,6.4,2.2,5.7,0.8,8.9,2.89,High
1827,1828,6.8,3.2,7.6,0.8,5.6,2.78,Moderate
1828,1829,8.7,1.6,6.3,2.3,5.1,2.87,High
1829,1830,6.2,1.6,5.1,4.6,6.5,2.92,High
1830,1831,5.9,0.2,8.3,4.6,5.0,2.88,Low
1831,1832,6.0,2.9,8.5,1.5,5.1,3.17,Moderate
1832,1833,9.5,0.4,9.9,3.6,0.6,3.5,High
1833,1834,8.6,0.8,7.2,0.4,7.0,3.32,High
1834,1835,6.9,3.0,6.9,2.0,5.2,3.23,Moderate
1835,1836,5.2,1.5,5.8,4.2,7.3,2.83,High
1836,1837,5.5,2.7,6.4,1.2,8.2,2.75,Low
1837,1838,7.4,2.0,6.6,0.8,7.2,3.1,Moderate
1838,1839,6.9,2.7,8.9,2.9,2.6,2.77,Moderate
1839,1840,6.4,0.6,6.2,1.3,9.5,3.04,Moderate
1840,1841,7.6,2.3,9.7,0.9,3.5,3.36,Moderate
1841,1842,7.8,1.0,6.3,0.2,8.7,3.27,Moderate
1842,1843,6.5,3.0,5.2,1.3,8.0,3.17,High
1843,1844,7.3,2.8,6.9,1.0,6.0,3.24,Moderate
1844,1845,7.0,2.3,9.7,0.3,4.7,2.64,Moderate
1845,1846,7.5,0.1,6.6,4.9,4.9,3.14,Moderate
1846,1847,7.8,1.8,6.4,1.8,6.2,3.39,Moderate
1847,1848,9.8,1.8,7.0,4.6,0.8,3.39,High
1848,1849,7.1,2.2,6.2,4.5,4.0,3.34,Moderate
1849,1850,8.9,0.9,8.6,4.5,1.1,3.36,High
1850,1851,6.7,0.7,5.0,2.7,8.9,3.15,High
1851,1852,5.9,3.4,6.3,1.4,7.0,2.48,Low
1852,1853,7.4,2.0,6.1,1.6,6.9,3.22,Moderate
1853,1854,8.9,1.8,8.6,3.5,1.2,3.17,High
1854,1855,5.7,3.9,9.1,1.1,4.2,2.81,Low
1855,1856,5.7,3.0,7.3,4.7,3.3,2.82,Low
1856,1857,8.7,2.4,8.4,0.1,4.4,3.51,High
1857,1858,5.0,0.1,9.3,4.1,5.5,2.47,Low
1858,1859,6.3,2.8,9.0,1.8,4.1,2.79,Moderate
1859,1860,7.5,3.1,6.1,1.6,5.7,3.07,Moderate
1860,1861,6.2,4.0,6.0,3.5,4.3,2.88,Moderate
1861,1862,8.2,3.0,9.9,0.5,2.4,3.3,High
1862,1863,8.8,1.4,5.9,2.5,5.4,3.29,High
1863,1864,7.7,4.0,7.0,3.3,2.0,3.44,Moderate
1864,1865,6.8,1.6,8.5,5.6,1.5,3.33,Moderate
1865,1866,5.4,0.8,7.5,0.1,10.2,2.86,Low
1866,1867,6.3,2.1,5.1,1.6,8.9,3.49,High
1867,1868,9.6,2.6,7.1,4.4,0.3,3.54,High
1868,1869,8.9,0.8,5.7,4.1,4.5,3.62,High
1869,1870,8.7,2.5,9.9,1.5,1.4,3.36,High
1870,1871,5.6,3.3,6.3,4.7,4.1,2.85,Low
1871,1872,8.0,1.8,6.8,2.1,5.3,3.23,Moderate
1872,1873,8.2,3.0,8.4,0.9,3.5,3.52,High
1873,1874,7.4,2.1,8.9,3.7,1.9,3.1,Moderate
1874,1875,7.0,3.6,5.8,6.0,1.6,2.99,High
1875,1876,8.6,3.2,9.3,2.9,0.0,3.38,High
1876,1877,6.5,2.8,5.6,2.4,6.7,2.9,High
1877,1878,8.0,2.0,8.2,5.6,0.2,3.4,Moderate
1878,1879,5.3,2.3,9.3,2.9,4.2,2.82,Low
1879,1880,6.7,0.6,9.2,3.1,4.4,2.85,Moderate
1880,1881,9.7,3.2,8.5,0.0,2.6,3.19,High
1881,1882,9.6,0.7,6.4,3.1,4.2,3.38,High
1882,1883,6.3,0.8,8.0,0.5,8.4,2.91,Moderate
1883,1884,8.6,2.2,7.1,3.4,2.7,3.18,High
1884,1885,6.8,3.7,5.3,4.0,4.2,3.04,High
1885,1886,5.9,1.2,8.6,0.5,7.8,2.92,Low
1886,1887,9.1,2.9,8.6,0.3,3.1,3.56,High
1887,1888,9.2,0.2,5.1,2.2,7.3,3.61,High
1888,1889,5.7,2.2,9.6,2.3,4.2,2.98,Low
1889,1890,5.5,2.4,7.3,5.6,3.2,2.77,Low
1890,1891,5.6,0.8,5.1,2.6,9.9,2.97,High
1891,1892,8.0,2.5,7.7,0.5,5.3,3.12,Moderate
1892,1893,7.2,4.0,9.2,3.2,0.4,2.95,Moderate
1893,1894,7.4,2.7,9.4,3.4,1.1,3.04,Moderate
1894,1895,9.7,0.2,5.1,4.0,5.0,3.25,High
1895,1896,6.7,1.1,7.6,2.6,6.0,2.83,Moderate
1896,1897,7.6,2.7,6.9,1.5,5.3,3.05,Moderate
1897,1898,8.7,3.0,8.3,0.9,3.1,3.1,High
1898,1899,7.9,2.3,7.4,3.3,3.1,3.75,Moderate
1899,1900,8.6,0.4,8.7,0.8,5.5,3.22,High
1900,1901,5.3,3.9,9.8,0.3,4.7,2.53,Low
1901,1902,7.4,3.3,9.8,2.2,1.3,3.06,Moderate
1902,1903,6.8,2.4,6.6,5.5,2.7,3.05,Moderate
1903,1904,6.6,1.2,5.2,4.9,6.1,3.2,High
1904,1905,7.3,1.3,7.4,4.9,3.1,2.83,Moderate
1905,1906,6.9,1.3,5.9,3.6,6.3,2.94,High
1906,1907,7.4,3.5,5.2,3.9,4.0,3.26,High
1907,1908,9.4,2.9,9.6,0.7,1.4,3.57,High
1908,1909,7.5,0.1,5.0,1.4,10.0,3.07,High
1909,1910,5.9,0.1,9.5,0.0,8.5,2.79,Low
1910,1911,8.7,0.6,9.6,4.6,0.5,3.57,High
1911,1912,5.0,3.9,9.4,5.1,0.6,2.98,Low
1912,1913,8.3,1.4,9.5,1.4,3.4,3.06,High
1913,1914,9.6,0.6,6.1,3.3,4.4,3.47,High
1914,1915,8.8,2.5,6.2,0.0,6.5,3.29,High
1915,1916,9.5,1.6,7.6,2.5,2.8,3.7,High
1916,1917,7.2,3.1,7.6,1.9,4.2,2.79,Moderate
1917,1918,5.7,2.6,8.4,4.5,2.8,2.94,Low
1918,1919,7.5,3.6,9.7,2.6,0.6,2.84,Moderate
1919,1920,9.9,1.1,6.0,2.7,4.3,3.68,High
1920,1921,5.3,3.9,7.9,3.3,3.6,2.79,Low
1921,1922,5.2,2.4,8.6,2.5,5.3,3.21,Low
1922,1923,8.8,0.9,6.1,1.0,7.2,3.53,High
1923,1924,9.1,1.5,7.9,4.0,1.5,3.29,High
1924,1925,6.2,0.7,9.9,3.7,3.5,2.73,Moderate
1925,1926,6.3,2.0,6.6,1.0,8.1,3.09,Moderate
1926,1927,6.3,0.1,8.5,3.0,6.1,2.99,Moderate
1927,1928,5.5,3.0,5.1,1.5,8.9,2.66,High
1928,1929,9.5,2.9,5.4,4.9,1.3,3.67,High
1929,1930,8.0,2.7,10.0,0.8,2.5,3.2,Moderate
1930,1931,8.1,1.8,5.2,0.1,8.8,3.28,High
1931,1932,7.8,2.2,5.2,2.8,6.0,3.0,High
1932,1933,9.6,1.6,8.1,3.7,1.0,3.46,High
1933,1934,9.3,1.6,9.4,0.9,2.8,3.69,High
1934,1935,6.4,0.2,9.0,2.5,5.9,2.81,Moderate
1935,1936,9.5,3.3,7.8,2.1,1.3,3.28,High
1936,1937,7.4,1.6,9.6,0.7,4.7,2.75,Moderate
1937,1938,7.5,1.8,7.6,0.8,6.3,2.93,Moderate
1938,1939,7.6,1.0,5.9,0.4,9.1,3.06,High
1939,1940,8.1,2.9,8.4,2.2,2.4,3.52,High
1940,1941,6.9,1.5,8.2,3.0,4.4,2.99,Moderate
1941,1942,8.2,1.2,5.1,5.3,4.2,3.19,High
1942,1943,6.1,3.7,8.6,4.3,1.3,2.79,Moderate
1943,1944,7.6,0.7,6.5,1.9,7.3,3.0,Moderate
1944,1945,5.8,0.8,8.9,1.0,7.5,2.89,Low
1945,1946,9.9,1.3,5.6,3.4,3.8,3.43,High
1946,1947,9.5,3.1,8.1,1.0,2.3,3.25,High
1947,1948,8.4,2.9,9.8,0.8,2.1,3.28,High
1948,1949,5.1,2.2,8.5,4.7,3.5,2.64,Low
1949,1950,7.6,1.3,9.3,2.7,3.1,2.98,Moderate
1950,1951,9.0,2.3,8.9,1.3,2.5,3.24,High
1951,1952,7.7,0.9,7.4,1.9,6.1,3.31,Moderate
1952,1953,6.3,3.9,5.8,4.7,3.3,2.73,High
1953,1954,5.2,1.6,9.7,0.1,7.4,2.95,Low
1954,1955,7.9,2.0,9.4,0.4,4.3,3.42,Moderate
1955,1956,8.3,3.8,9.1,0.1,2.7,3.48,High
1956,1957,7.4,1.6,6.6,2.7,5.7,2.88,Moderate
1957,1958,9.9,0.4,9.6,2.0,2.1,3.09,High
1958,1959,8.1,3.3,6.8,2.5,3.3,2.86,High
1959,1960,9.6,3.3,5.5,0.6,5.0,3.19,High
1960,1961,7.1,0.4,8.1,0.9,7.5,3.02,Moderate
1961,1962,6.6,2.7,7.4,5.9,1.4,2.99,Moderate
1962,1963,9.4,1.4,5.2,5.1,2.9,3.59,High
1963,1964,9.5,0.9,9.5,1.3,2.8,3.24,High
1964,1965,9.9,1.1,9.8,0.2,3.0,3.54,High
1965,1966,7.4,0.9,8.5,1.1,6.1,3.48,Moderate
1966,1967,7.8,1.0,9.8,0.2,5.2,3.04,Moderate
1967,1968,7.1,0.9,7.5,5.2,3.3,2.92,Moderate
1968,1969,8.6,2.3,5.4,4.2,3.5,3.38,High
1969,1970,6.3,1.7,6.8,5.2,4.0,2.84,Moderate
1970,1971,5.6,2.3,5.7,4.2,6.2,2.81,High
1971,1972,7.4,3.7,7.6,2.6,2.7,3.29,Moderate
1972,1973,7.9,2.8,5.5,4.9,2.9,3.03,High
1973,1974,8.9,1.5,5.5,3.8,4.3,3.31,High
1974,1975,9.4,3.6,9.8,1.0,0.2,3.32,High
1975,1976,8.0,2.4,6.8,5.4,1.4,3.42,Moderate
1976,1977,7.5,1.9,10.0,2.3,2.3,3.14,Moderate
1977,1978,9.1,3.1,8.9,2.1,0.8,3.1,High
1978,1979,6.3,3.4,9.5,0.9,3.9,2.97,Moderate
1979,1980,8.2,2.2,5.3,4.5,3.8,3.43,High
1980,1981,7.5,2.6,7.5,3.0,3.4,3.02,Moderate
1981,1982,5.8,0.8,9.9,0.9,6.6,2.71,Low
1982,1983,6.3,2.4,8.1,0.9,6.3,3.07,Moderate
1983,1984,6.2,1.2,9.7,5.0,1.9,3.06,Moderate
1984,1985,8.5,0.3,7.1,3.4,4.7,3.23,High
1985,1986,8.0,1.3,8.9,4.9,0.9,2.93,Moderate
1986,1987,6.6,3.4,5.5,5.0,3.5,2.9,High
1987,1988,9.5,1.5,6.4,3.0,3.6,3.86,High
1988,1989,7.3,1.4,8.5,4.6,2.2,3.28,Moderate
1989,1990,7.0,2.7,7.4,6.0,0.9,2.85,Moderate
1990,1991,8.6,3.8,9.2,2.2,0.2,3.26,High
1991,1992,6.3,1.5,5.1,3.1,8.0,3.21,High
1992,1993,7.5,2.1,9.9,4.1,0.4,3.04,Moderate
1993,1994,7.1,1.4,9.0,3.1,3.4,2.85,Moderate
1994,1995,7.9,3.4,9.0,0.5,3.2,3.08,Moderate
1995,1996,6.5,0.2,7.4,2.1,7.8,3.32,Moderate
1996,1997,6.3,2.8,8.8,1.5,4.6,2.65,Moderate
1997,1998,6.2,0.0,6.2,0.8,10.8,3.14,Moderate
1998,1999,8.1,0.7,7.6,3.5,4.1,3.04,High
1999,2000,9.0,1.7,7.3,3.1,2.9,3.58,High
